crop_type,temperature,rainfall,humidity,soil_ph,fertilizer,area,yield
tomato,20.3,651.5,69.7,7.6,47.2,0.5,11.15
corn,22.5,729.6,70.4,6.1,29.0,3.7,18.25
barley,18.1,365.8,59.7,6.4,291.2,1.3,3.03
barley,14.9,604.8,68.9,6.6,15.0,0.5,0.4
barley,18.4,453.2,63.6,6.5,21.0,1.4,2.54
tomato,26.7,561.4,53.4,7.0,44.3,1.2,31.58
barley,18.9,470.5,54.9,5.2,25.3,8.8,10.01
barley,14.5,323.8,54.5,5.0,27.8,0.5,0.52
corn,30.2,939.7,56.6,6.3,159.1,4.9,30.62
tomato,21.4,721.2,77.3,5.2,65.9,2.4,58.62
tomato,24.9,679.6,80.0,6.8,54.5,3.7,94.98
soybean,23.8,718.1,63.9,8.6,95.1,0.8,1.12
barley,19.3,366.8,51.0,6.2,10.4,2.2,3.66
potato,16.2,563.2,77.7,6.3,157.7,0.5,6.86
soybean,25.4,568.4,74.1,6.0,19.8,4.1,4.76
barley,19.0,394.0,45.8,6.5,26.8,0.5,0.9
potato,24.4,592.0,62.6,7.6,60.6,3.0,45.5
potato,19.3,485.0,57.2,7.1,104.2,2.3,43.83
corn,32.0,876.9,70.4,6.5,95.2,9.8,54.4
barley,11.8,405.5,54.4,6.9,93.9,2.4,4.96
wheat,18.7,479.4,50.6,7.5,34.4,6.5,13.01
corn,31.1,928.1,82.9,7.0,290.9,1.7,7.51
potato,22.6,647.4,53.1,7.0,99.6,1.4,26.01
tomato,19.5,504.0,76.0,7.0,80.9,1.4,54.54
potato,16.8,634.1,67.8,7.2,126.7,3.5,67.25
soybean,34.9,699.4,49.3,7.7,3.6,26.1,24.56
potato,16.6,674.0,60.5,7.1,38.9,9.5,124.78
wheat,17.9,609.6,61.6,7.0,35.5,1.5,2.32
rice,29.1,1312.2,75.8,7.3,35.6,1.7,3.8
wheat,22.1,426.7,67.0,6.1,174.2,0.5,1.22
rice,28.5,1028.8,64.6,6.1,62.6,1.7,4.24
barley,18.3,240.7,69.3,6.1,268.8,3.1,4.38
potato,17.1,534.8,86.4,7.0,103.6,18.6,227.85
wheat,20.7,369.2,45.1,5.8,16.3,0.5,0.72
tomato,19.7,766.1,61.7,6.2,23.0,4.0,99.92
soybean,29.1,732.5,87.4,5.9,104.8,0.5,1.0
rice,31.8,1058.5,69.4,7.1,51.4,0.5,0.8
wheat,15.9,711.3,60.0,6.2,1.2,13.5,16.03
wheat,27.7,541.4,70.7,6.6,231.0,10.1,24.59
barley,20.1,526.9,52.6,8.2,227.1,2.4,2.49
wheat,15.4,559.1,56.2,5.9,37.9,0.5,0.8
rice,31.4,1377.0,60.4,6.0,95.5,5.0,14.1
soybean,23.6,639.3,65.5,6.9,44.1,4.2,8.38
barley,20.1,502.2,59.1,6.9,156.4,2.8,5.42
soybean,20.5,794.9,71.3,4.7,54.9,2.5,2.83
barley,16.8,378.3,58.9,8.0,47.6,1.7,3.14
wheat,14.2,526.9,83.1,6.8,277.0,5.8,11.66
soybean,28.6,642.7,58.4,7.6,7.0,7.5,7.49
rice,32.7,1055.1,46.2,6.0,67.8,6.8,13.72
soybean,26.2,788.0,54.0,7.1,40.9,3.2,5.03
soybean,20.6,708.4,74.8,6.9,59.2,5.0,8.89
potato,14.3,752.6,68.7,6.7,255.0,0.5,6.55
soybean,23.1,599.2,59.0,4.8,70.1,0.5,0.7
wheat,18.7,334.0,82.3,5.3,25.3,0.7,0.9
wheat,13.1,570.0,63.7,6.4,133.1,21.8,53.34
wheat,25.5,432.2,76.5,6.2,67.3,0.5,0.99
soybean,31.6,700.6,65.5,6.1,47.9,0.7,1.21
corn,20.6,699.3,68.4,6.9,3.8,1.6,6.66
potato,15.7,611.5,80.5,6.6,65.8,10.5,191.25
wheat,17.7,753.9,79.0,6.2,81.6,8.2,10.03
rice,30.4,1411.7,47.4,5.6,187.6,2.1,4.18
potato,19.6,589.6,67.2,5.0,95.7,8.0,144.48
wheat,19.4,471.9,48.4,6.5,31.9,5.0,11.03
corn,26.8,659.0,59.9,5.7,181.7,3.2,18.38
rice,29.5,1323.2,59.7,5.5,2.6,4.0,6.66
soybean,18.3,677.0,65.6,4.7,93.8,0.5,0.83
potato,12.5,736.7,81.4,6.3,3.0,1.5,13.81
potato,17.9,564.2,74.0,5.8,107.0,1.0,17.54
tomato,18.8,534.6,57.3,6.2,177.0,4.5,190.94
soybean,26.6,1008.8,58.8,6.8,70.7,4.2,5.86
rice,25.4,923.4,74.3,8.0,35.2,21.5,28.82
potato,18.7,538.3,52.4,7.5,7.4,8.2,91.41
tomato,24.4,614.5,83.0,6.4,137.6,6.3,199.96
soybean,34.5,620.5,70.7,5.9,56.7,1.4,1.34
tomato,25.0,676.4,65.1,5.8,215.1,1.9,52.98
wheat,22.1,644.2,40.3,5.9,34.3,13.3,18.44
wheat,17.6,449.2,52.6,6.6,3.9,7.6,13.76
corn,22.0,888.2,61.8,6.2,134.8,5.5,32.9
soybean,25.4,905.1,73.2,7.9,183.9,4.9,6.09
wheat,20.1,667.6,68.3,6.3,38.7,3.9,6.19
corn,28.9,519.9,57.4,7.2,14.6,10.5,39.28
wheat,23.9,508.2,60.1,6.8,29.9,1.4,3.62
corn,27.0,739.1,67.6,4.7,48.9,4.6,22.48
tomato,20.7,637.7,72.6,5.8,101.8,5.1,187.06
corn,34.4,977.3,68.6,6.4,20.6,2.8,10.08
soybean,26.4,605.1,69.7,8.0,44.1,6.7,9.63
wheat,19.6,578.1,90.4,6.9,40.7,0.5,0.85
soybean,21.7,590.2,67.5,7.3,205.1,3.1,5.35
corn,23.3,1050.4,62.4,5.3,12.1,1.0,2.36
wheat,19.8,608.0,46.6,5.7,259.7,0.8,1.56
potato,17.3,713.0,59.2,5.8,29.7,2.5,36.07
potato,16.0,542.6,59.5,6.5,66.6,0.5,8.7
potato,17.7,781.8,49.7,8.7,55.0,7.2,58.42
tomato,19.9,585.0,70.3,7.2,42.0,0.5,12.78
barley,22.9,226.1,57.3,6.0,56.3,4.5,5.56
corn,15.6,616.7,72.1,6.3,102.5,9.7,43.88
corn,23.6,641.4,59.0,6.3,80.2,6.7,43.46
rice,30.6,951.7,56.8,7.6,25.0,4.9,7.41
potato,15.1,725.2,61.3,6.9,293.7,7.6,116.31
corn,20.1,817.1,66.5,6.2,25.0,3.9,21.01
soybean,18.6,643.7,55.0,8.0,11.4,11.5,14.55
potato,20.5,437.0,70.5,8.1,141.6,1.2,14.89
rice,26.7,1070.8,74.1,5.8,23.1,5.0,12.76
wheat,19.1,315.9,52.2,6.0,14.5,6.7,8.34
corn,25.7,766.6,73.2,6.4,102.3,4.7,35.05
potato,18.7,595.0,53.8,6.7,14.1,9.2,111.37
wheat,30.2,490.4,76.5,5.9,9.0,0.5,0.63
corn,33.9,658.3,88.0,7.3,261.8,7.8,27.08
wheat,14.7,477.4,75.6,6.6,105.4,8.2,23.64
potato,20.2,735.5,75.3,6.6,3.6,4.4,42.49
wheat,21.1,372.3,54.2,7.3,206.6,17.7,34.88
potato,19.0,593.3,58.4,8.3,84.0,2.3,36.73
barley,13.8,502.2,62.4,6.6,30.3,3.9,5.24
rice,31.1,670.5,72.3,6.3,49.6,23.2,39.24
corn,25.4,959.8,59.8,7.6,52.3,4.9,23.03
tomato,26.4,773.8,66.7,6.5,28.2,9.6,209.81
rice,22.2,958.5,54.3,7.0,239.6,7.7,17.99
barley,16.1,447.8,63.7,6.1,3.0,15.8,24.03
potato,18.5,562.7,53.3,7.1,13.4,8.5,120.16
potato,21.1,668.4,63.7,7.4,39.7,1.6,19.52
rice,27.9,1257.2,68.3,7.0,7.3,2.6,6.77
tomato,22.1,536.9,74.1,6.5,67.8,5.4,196.67
wheat,20.5,524.0,68.1,7.2,161.6,6.2,17.02
corn,26.6,705.6,66.9,6.4,260.2,3.1,19.64
tomato,23.9,636.9,61.1,6.5,0.5,1.7,52.74
potato,19.0,410.7,62.2,5.8,0.7,8.5,73.61
tomato,20.0,653.8,65.5,7.5,215.1,0.5,15.42
barley,20.1,350.0,72.5,7.3,51.3,0.5,0.96
barley,15.0,525.2,64.3,6.1,25.6,29.3,43.26
wheat,25.2,510.8,73.3,6.1,118.6,1.3,3.64
soybean,25.0,552.7,81.6,7.2,20.9,1.2,1.28
wheat,15.0,644.4,64.2,7.4,275.8,1.0,1.75
tomato,23.4,762.7,40.2,6.9,274.1,1.0,24.21
tomato,18.9,595.0,68.7,5.9,45.0,1.1,31.8
potato,17.0,689.1,47.8,6.7,13.0,3.1,37.08
potato,15.6,357.6,49.2,7.1,95.0,9.8,100.24
wheat,19.8,516.3,55.9,6.5,18.9,2.1,4.43
rice,28.6,791.7,62.5,6.0,2.7,0.5,0.68
wheat,27.2,535.8,68.9,7.0,129.4,2.1,5.0
rice,30.9,1179.8,80.0,7.8,72.0,5.3,11.41
wheat,18.7,542.4,70.2,6.0,86.0,3.4,9.78
potato,18.3,650.6,45.0,5.8,41.3,1.2,16.55
potato,20.3,588.9,74.3,7.2,44.3,2.1,25.35
soybean,32.0,888.2,49.6,7.6,85.1,24.2,29.65
rice,32.4,1476.0,58.7,6.8,100.7,12.0,30.73
potato,15.0,339.0,68.8,6.4,8.2,2.6,19.36
potato,10.3,623.5,53.4,6.8,39.7,17.4,268.1
tomato,18.3,771.7,80.4,5.4,21.4,10.8,163.53
potato,17.2,471.7,75.0,6.1,45.1,1.4,20.08
potato,19.6,684.7,77.2,7.5,131.1,4.4,67.11
tomato,26.8,830.8,61.8,6.1,4.2,5.1,79.62
corn,22.3,811.8,45.0,7.2,48.5,3.6,20.57
rice,29.3,782.4,57.7,6.9,16.7,6.6,10.32
wheat,24.4,618.7,71.4,5.6,40.1,5.3,7.92
rice,25.7,877.3,74.3,6.2,27.3,0.6,1.05
rice,22.9,1013.3,75.5,7.0,114.9,8.0,24.04
potato,16.2,582.7,65.2,5.6,40.4,5.9,75.45
barley,26.8,489.0,43.5,7.9,1.2,4.4,3.58
rice,24.9,750.2,58.2,6.5,52.2,0.5,1.08
rice,23.1,1234.2,40.8,6.1,63.8,6.9,17.28
soybean,31.3,791.1,67.8,6.6,5.0,13.6,16.33
potato,15.6,557.3,69.6,8.4,88.7,13.3,226.8
rice,30.9,1502.9,72.7,6.0,10.4,1.0,1.37
tomato,23.0,639.5,59.2,5.8,126.2,1.0,41.45
potato,19.4,622.4,78.6,6.6,241.9,4.6,76.89
potato,24.6,641.3,70.8,7.4,15.4,2.2,23.19
wheat,21.1,574.7,58.0,7.1,44.1,5.5,10.25
rice,26.3,1286.4,53.6,6.3,21.5,10.2,30.32
potato,11.3,604.4,63.5,7.3,21.1,2.5,39.79
soybean,26.7,514.1,58.8,8.0,47.2,6.4,7.84
potato,20.6,437.7,70.6,5.6,35.1,0.5,4.66
wheat,22.0,596.5,67.0,6.0,25.3,4.5,6.71
rice,30.2,1445.5,52.9,7.8,50.1,0.5,0.99
barley,23.2,455.6,61.7,5.5,43.9,8.6,13.07
potato,18.2,546.6,50.9,6.6,147.6,3.7,80.49
potato,19.4,531.4,68.0,7.3,56.6,0.9,11.45
wheat,15.3,316.4,70.1,5.6,73.4,3.6,4.01
corn,26.8,1010.3,45.1,7.5,55.6,2.5,12.65
potato,19.0,656.8,71.0,6.1,41.3,1.0,13.16
rice,30.1,1224.0,57.8,8.6,30.1,4.7,8.47
corn,29.7,640.2,61.9,6.0,2.1,0.7,2.84
barley,19.0,322.4,72.3,6.1,0.0,0.5,0.51
tomato,25.8,531.1,64.4,6.0,10.4,1.8,42.22
corn,27.7,661.6,80.2,7.6,20.8,1.3,4.52
barley,16.0,195.7,74.3,5.4,36.7,2.7,2.03
potato,15.8,483.8,62.7,5.7,125.0,4.4,67.19
soybean,26.3,580.7,64.7,4.9,148.8,0.5,1.02
rice,30.2,952.3,69.4,7.5,157.0,2.5,6.43
wheat,17.1,439.4,83.3,7.0,3.1,11.6,15.16
soybean,23.9,857.4,55.5,4.8,20.6,11.0,12.56
soybean,23.5,710.6,82.2,6.3,7.1,6.3,8.73
soybean,23.5,711.3,65.1,6.1,39.2,3.1,4.99
soybean,16.9,842.3,72.2,7.3,78.4,2.4,2.97
rice,27.4,1176.5,64.7,7.0,180.9,1.9,6.68
rice,24.8,1491.1,83.0,7.1,85.5,0.7,1.48
tomato,22.7,509.2,62.6,5.9,63.9,2.5,71.39
barley,15.0,382.3,62.2,6.7,26.9,8.5,16.73
tomato,26.8,496.1,70.0,6.8,221.7,0.5,15.51
rice,29.0,1063.5,53.0,6.5,33.5,2.7,7.16
corn,29.3,884.8,47.4,7.1,80.9,7.2,42.86
tomato,22.6,479.5,71.0,7.1,170.6,1.6,52.34
rice,27.4,1252.1,51.0,7.1,16.7,2.2,5.61
soybean,30.6,1015.0,67.3,6.7,143.0,0.5,0.67
soybean,28.8,774.3,60.4,6.2,87.0,0.5,0.96
soybean,22.4,721.7,56.6,8.3,5.4,4.3,5.01
tomato,21.3,611.1,90.1,6.2,73.7,0.5,16.74
corn,17.9,774.5,60.5,7.1,124.3,3.6,29.14
soybean,22.3,593.7,56.6,6.4,19.9,4.6,6.98
tomato,27.7,754.3,60.1,5.6,32.6,0.5,10.62
soybean,16.9,650.6,70.3,5.9,52.5,2.9,3.3
soybean,27.6,871.4,66.0,6.6,0.6,0.5,0.55
wheat,18.6,576.6,77.3,6.4,24.3,1.4,2.38
barley,13.7,245.1,60.2,7.1,13.6,9.6,10.04
corn,22.6,815.2,53.7,5.1,184.1,0.5,2.89
corn,25.3,877.4,49.4,6.1,105.0,19.9,149.97
rice,24.2,1088.5,54.4,6.7,273.8,1.0,2.85
wheat,18.3,445.8,71.3,6.1,65.9,3.7,7.86
potato,17.5,817.4,74.4,6.9,44.8,0.8,7.17
potato,18.3,690.4,41.4,5.7,84.2,3.9,55.01
barley,15.1,405.8,64.8,6.5,33.2,10.3,23.27
rice,31.5,1046.3,50.5,6.6,168.2,10.6,31.51
wheat,22.0,658.3,68.8,8.0,7.9,2.1,2.72
barley,17.3,655.4,68.0,5.9,138.1,2.4,2.19
barley,12.2,429.0,78.7,7.5,40.3,12.3,17.76
rice,29.5,1030.7,58.6,7.3,155.7,11.8,34.28
soybean,22.4,793.8,70.7,7.3,274.8,9.7,14.92
barley,19.1,424.3,83.1,6.8,30.2,3.2,4.82
soybean,29.2,788.4,59.3,6.6,22.4,0.6,1.0
rice,27.3,1126.6,61.1,5.8,47.9,6.9,20.44
potato,21.6,679.6,71.2,6.1,2.5,6.7,76.97
rice,31.6,975.7,61.0,6.9,145.1,1.6,5.58
wheat,24.1,440.5,52.9,7.7,187.1,1.3,2.7
wheat,22.5,611.0,69.1,6.3,88.9,4.1,8.77
potato,14.1,542.8,51.8,6.3,129.7,3.3,58.29
wheat,19.1,542.2,60.6,7.1,193.3,7.0,20.48
barley,15.9,337.9,85.9,6.2,5.7,1.5,1.74
wheat,19.9,469.7,73.0,5.2,28.2,1.8,3.22
wheat,26.8,623.9,66.1,6.1,24.9,7.8,9.11
soybean,21.1,704.3,68.5,7.4,9.8,0.5,0.71
wheat,22.6,388.0,63.9,5.7,15.0,14.8,20.9
potato,21.9,674.2,65.8,5.2,8.8,2.4,29.48
rice,27.5,1158.5,47.5,7.2,0.2,0.5,0.96
potato,16.3,393.2,69.5,5.5,26.4,1.2,10.06
potato,17.0,551.5,72.8,4.6,19.7,2.5,21.21
potato,16.5,667.1,67.1,5.9,9.7,2.1,28.22
soybean,24.1,664.8,66.1,7.1,14.4,2.5,3.65
corn,29.2,772.8,72.7,7.7,29.6,8.7,39.61
rice,26.2,1363.7,52.9,7.0,7.7,4.5,9.92
barley,17.2,468.6,76.3,5.9,42.6,5.2,8.11
soybean,25.2,724.8,72.6,6.8,10.3,11.6,18.13
potato,18.7,691.8,40.5,7.7,7.1,2.5,22.53
wheat,14.1,483.1,58.5,6.3,6.5,3.9,7.92
potato,16.2,743.3,70.3,6.9,155.9,12.4,160.8
rice,25.9,1145.5,64.3,7.0,57.3,0.9,1.94
tomato,19.1,557.0,65.5,6.4,81.0,2.1,76.03
wheat,17.1,622.2,66.1,7.7,8.9,0.9,1.4
rice,26.6,1197.1,70.5,6.5,38.8,0.5,1.38
rice,26.9,878.5,56.0,6.5,11.1,9.0,14.98
soybean,23.6,727.5,67.4,7.2,140.2,20.7,38.67
potato,12.5,480.6,66.4,7.9,114.8,9.0,154.13
corn,30.3,729.9,56.4,6.9,56.7,5.7,34.65
barley,16.0,476.9,46.8,6.4,78.7,3.4,5.4
corn,28.6,928.3,54.5,5.5,125.8,3.1,18.1
soybean,25.8,1017.3,50.0,6.7,61.0,10.2,11.61
soybean,25.3,895.5,66.6,6.2,50.3,0.5,0.63
barley,18.1,420.4,75.5,5.3,18.2,7.2,8.94
tomato,24.2,618.7,78.6,5.8,179.9,3.0,127.0
tomato,18.5,655.6,65.9,6.3,153.9,2.9,112.55
wheat,15.9,420.6,54.0,5.8,2.5,17.8,27.99
barley,15.5,469.0,74.5,6.9,27.9,0.5,0.75
wheat,22.1,518.1,66.5,6.0,40.7,6.4,14.28
potato,12.1,436.7,63.1,6.1,9.4,8.3,81.45
rice,29.8,1200.2,56.8,7.0,4.1,0.5,1.25
soybean,19.6,776.4,62.2,7.3,27.7,0.8,1.3
wheat,21.1,507.9,65.2,5.2,83.5,0.7,1.7
wheat,22.7,540.6,78.0,6.4,64.7,5.1,8.16
potato,22.4,647.6,70.1,7.3,12.3,7.5,104.58
rice,24.6,1135.2,55.4,7.2,41.2,0.5,1.39
rice,26.2,1391.0,54.7,5.8,8.6,2.2,4.7
corn,30.3,828.4,73.6,6.6,229.2,2.7,19.3
corn,24.2,839.8,59.2,4.5,80.1,6.1,32.96
rice,26.8,1078.3,63.3,6.7,26.1,0.7,1.77
wheat,20.6,520.3,62.2,6.1,35.7,15.7,35.77
barley,17.7,488.9,67.9,5.8,117.8,0.5,0.95
soybean,25.3,739.2,68.0,7.0,51.1,10.6,16.51
wheat,22.6,575.6,64.0,6.2,213.7,0.7,1.65
potato,16.0,619.2,63.5,5.8,4.8,0.6,6.56
rice,25.2,1220.3,54.2,7.1,193.6,9.1,30.02
corn,25.4,415.6,63.1,8.4,0.8,3.1,6.93
barley,17.6,360.9,62.3,7.8,24.9,1.2,1.69
tomato,22.4,576.2,66.9,7.3,58.4,2.1,62.95
potato,22.3,783.8,70.9,8.1,169.1,5.6,67.49
tomato,22.5,577.7,79.9,5.2,5.4,1.3,24.0
barley,11.6,443.0,65.5,6.3,20.4,1.1,1.53
rice,24.6,1012.1,65.2,6.8,189.5,0.9,2.91
tomato,23.6,576.6,69.7,7.3,98.4,0.5,17.89
wheat,20.0,577.3,48.1,5.9,114.5,2.2,5.6
potato,17.6,818.8,46.1,6.0,14.5,2.9,24.93
barley,19.2,455.0,41.2,7.0,86.1,0.6,1.04
corn,36.4,807.2,68.3,6.2,72.0,0.5,1.98
potato,18.6,675.9,78.6,5.7,40.2,15.3,180.67
rice,28.0,1512.5,71.2,6.3,20.8,5.0,8.64
rice,24.7,1477.5,65.7,5.8,41.2,11.3,20.55
soybean,29.5,550.6,57.9,6.0,200.3,0.5,0.78
wheat,20.1,544.1,56.4,6.2,101.6,4.1,9.84
soybean,30.5,712.5,56.0,5.4,179.6,14.6,27.05
barley,21.7,286.5,67.1,5.8,72.1,0.5,0.66
potato,17.0,671.0,77.7,6.2,144.5,2.0,39.32
rice,30.2,1212.6,78.1,6.0,27.4,13.4,29.94
tomato,23.0,551.3,58.2,6.5,289.2,1.3,42.7
corn,19.6,710.9,55.3,7.1,43.0,7.1,40.76
rice,24.8,960.3,73.6,7.0,16.0,2.3,4.71
wheat,13.1,371.0,47.0,6.6,25.1,5.0,5.64
potato,19.0,449.7,75.5,5.7,113.8,0.5,9.09
barley,30.4,396.1,69.5,6.2,8.3,8.1,7.92
tomato,25.3,692.4,60.8,7.0,131.6,1.1,35.11
barley,13.1,459.0,76.4,7.8,29.9,3.3,3.04
barley,20.8,467.9,62.1,6.4,146.1,0.5,0.98
corn,23.2,1082.3,65.1,8.3,44.9,1.8,7.01
potato,18.3,569.7,70.8,7.3,78.5,1.9,31.14
tomato,26.1,642.6,63.2,5.4,14.2,1.0,26.04
barley,14.0,311.9,77.5,5.3,32.5,6.6,6.88
corn,24.2,699.0,62.7,7.5,6.0,1.1,4.35
tomato,22.5,650.2,76.2,7.7,17.8,2.7,56.39
soybean,25.0,750.9,63.3,6.8,8.7,4.0,5.96
barley,24.1,350.9,58.6,7.9,34.0,2.5,3.12
wheat,17.3,574.3,78.6,8.0,12.4,4.5,5.88
corn,22.3,759.3,81.7,7.6,83.6,1.6,9.07
wheat,15.4,585.6,82.6,5.2,0.2,1.0,1.05
corn,23.9,841.5,81.6,7.1,91.2,2.6,16.14
wheat,19.0,570.1,65.7,7.1,76.8,6.7,13.72
potato,16.9,582.6,67.3,6.2,196.8,2.8,54.9
wheat,13.6,526.4,49.8,7.5,18.3,5.3,9.02
soybean,25.4,768.2,58.0,5.8,22.8,0.5,0.88
rice,27.1,1519.1,81.3,5.3,173.0,2.4,4.26
barley,18.3,459.4,69.8,5.5,108.7,6.7,11.92
rice,28.1,924.8,61.6,6.0,160.3,12.3,38.91
soybean,28.4,776.9,86.4,5.9,22.8,6.1,5.89
barley,9.9,430.6,60.2,6.5,123.0,4.6,7.67
soybean,24.1,469.6,64.9,5.9,209.5,0.6,0.8
rice,32.3,1347.5,63.4,6.5,123.5,14.3,43.5
rice,28.4,1233.0,58.1,6.8,27.3,1.9,4.99
potato,17.3,378.1,62.7,5.8,64.5,3.5,40.88
rice,27.1,1135.2,73.0,4.6,1.1,1.8,2.41
tomato,19.0,653.5,54.6,7.1,10.0,0.9,22.46
potato,22.2,393.9,70.5,7.8,170.7,0.6,6.58
tomato,21.3,569.2,89.3,6.8,22.5,0.5,10.01
corn,30.4,958.3,65.0,5.5,42.5,10.2,45.75
soybean,27.4,671.8,65.4,5.3,43.5,0.5,0.97
soybean,19.6,787.1,55.6,6.8,95.6,7.0,14.62
soybean,25.4,740.6,44.1,6.4,125.4,3.0,6.91
soybean,22.8,660.9,64.9,7.9,1.3,1.6,1.78
rice,30.5,750.6,58.9,6.7,37.7,8.1,11.99
corn,28.1,822.7,62.2,7.7,37.5,2.3,13.04
corn,31.4,945.2,62.9,8.2,0.4,8.2,25.61
wheat,26.1,334.0,83.2,7.5,34.5,5.7,7.63
barley,19.6,331.1,79.0,7.1,14.9,1.1,1.39
wheat,21.9,563.9,50.3,7.7,153.2,3.9,8.36
potato,16.7,478.3,55.1,7.2,18.1,1.9,19.54
potato,14.9,639.9,71.6,6.8,70.3,0.7,13.9
corn,27.6,954.6,58.4,7.2,94.3,1.5,9.53
wheat,22.2,629.7,66.1,5.1,85.1,8.7,14.28
rice,31.1,1307.4,72.1,7.1,16.6,0.5,0.91
barley,23.7,384.8,50.1,6.1,175.5,8.7,15.76
barley,18.4,378.9,71.8,6.3,175.2,2.0,4.76
corn,26.6,888.8,74.0,7.0,0.5,3.1,14.4
tomato,21.7,549.6,77.1,6.0,66.8,1.9,49.79
potato,19.1,496.8,76.1,6.5,0.4,13.9,132.35
soybean,25.0,825.4,66.4,6.5,113.1,2.9,5.68
barley,24.1,484.4,67.0,5.3,77.1,5.0,6.15
soybean,28.5,765.9,71.9,7.8,4.4,3.0,3.67
rice,31.5,1096.1,66.5,6.6,5.8,4.0,8.69
wheat,24.9,668.5,70.6,5.8,48.6,5.5,7.24
barley,19.4,385.7,52.3,8.0,192.8,5.1,9.39
rice,24.7,1137.5,48.5,6.9,203.4,4.4,10.89
potato,20.3,562.0,66.8,6.6,76.6,1.4,25.25
potato,13.6,662.3,71.3,5.9,27.0,8.1,102.66
tomato,24.5,658.2,66.6,6.1,34.2,2.9,84.05
barley,19.4,424.7,58.3,6.4,18.9,1.3,1.93
rice,27.3,1177.7,57.3,6.8,14.5,0.6,1.53
barley,21.5,348.0,53.0,5.7,21.2,0.7,0.9
soybean,18.8,802.1,80.0,6.4,121.3,1.8,2.95
corn,24.2,955.4,64.6,6.7,100.5,1.7,9.86
wheat,18.0,683.3,73.1,6.9,30.1,3.9,5.19
tomato,26.6,635.8,39.6,8.1,85.4,4.1,114.25
wheat,25.2,472.7,75.5,6.1,115.0,0.7,1.35
soybean,30.9,708.9,76.0,6.5,41.2,17.6,27.64
corn,25.9,832.5,54.0,6.0,19.7,1.0,4.96
rice,28.6,1365.7,80.6,8.1,37.1,7.7,12.33
corn,28.7,860.2,69.7,6.9,19.9,1.2,5.43
rice,35.6,1324.9,71.7,7.6,73.4,0.5,0.89
barley,15.6,233.0,59.2,6.5,202.8,0.5,0.71
potato,19.1,618.2,69.3,7.6,0.5,7.4,89.81
potato,21.6,793.9,51.0,7.4,15.0,0.5,4.01
soybean,24.5,651.1,72.0,5.6,50.5,7.4,11.96
potato,14.3,391.6,82.2,6.3,2.0,3.0,23.64
wheat,18.3,295.3,66.3,6.6,16.8,12.8,17.59
rice,32.7,1485.8,58.9,6.8,21.6,5.7,10.46
soybean,18.3,573.1,60.7,7.8,7.3,1.7,1.47
soybean,21.4,711.0,67.5,6.4,75.6,5.7,12.4
potato,19.6,450.8,66.6,8.5,34.5,12.2,100.25
rice,21.9,1398.3,75.4,5.6,6.6,2.9,3.85
wheat,21.3,502.8,64.2,7.1,17.7,0.9,1.97
rice,26.3,1025.7,63.0,7.7,160.2,1.4,4.23
rice,29.3,1427.1,53.9,5.8,16.3,2.1,3.74
wheat,20.9,525.5,64.4,5.5,9.9,5.7,10.55
wheat,25.5,339.7,52.8,6.5,9.0,10.3,13.06
tomato,19.8,766.1,71.6,6.6,6.9,1.5,28.53
soybean,24.7,576.6,64.0,6.6,107.4,0.5,0.98
potato,15.9,647.7,67.9,6.8,110.3,4.1,78.01
potato,12.4,409.2,56.4,6.2,20.5,4.8,56.4
wheat,21.7,420.2,67.7,6.9,6.4,11.3,17.34
wheat,21.7,392.2,58.6,6.4,52.6,9.2,17.44
potato,16.1,573.4,79.9,6.8,121.7,1.6,28.95
tomato,22.7,549.0,65.3,4.5,14.1,5.3,99.04
rice,29.6,1157.7,60.6,6.9,21.9,3.6,9.97
barley,23.4,225.2,76.4,6.8,75.7,2.3,2.69
corn,24.7,879.5,67.1,7.8,61.7,1.6,7.91
corn,20.3,734.3,59.6,8.0,8.1,1.9,7.78
tomato,23.1,574.4,78.7,7.6,41.3,7.0,207.58
soybean,25.4,560.1,43.8,6.7,0.6,14.3,17.37
soybean,16.1,565.9,63.1,6.7,148.7,3.3,4.64
barley,18.6,427.0,62.5,7.5,99.8,6.0,13.25
corn,22.6,1022.8,62.6,4.6,29.0,1.1,3.16
rice,24.1,1314.5,69.5,5.0,43.2,0.9,1.65
wheat,15.2,565.4,73.7,5.6,130.8,0.5,1.24
corn,19.3,851.7,61.3,6.1,162.2,13.0,89.33
corn,24.5,776.3,64.7,6.8,234.6,7.6,60.38
corn,24.6,794.4,47.7,7.7,291.4,3.9,24.87
tomato,18.9,544.0,68.8,5.4,7.8,2.6,56.97
corn,22.0,898.3,71.4,6.1,213.2,0.5,2.52
barley,15.6,319.4,55.3,7.5,163.6,7.1,11.55
soybean,19.8,504.2,52.6,6.6,67.9,8.2,11.39
barley,19.8,333.1,77.7,5.7,15.0,8.8,10.44
potato,21.7,514.0,70.3,5.6,24.1,10.9,114.8
tomato,23.8,630.5,57.0,6.7,12.2,3.9,116.18
rice,24.7,1133.8,57.2,7.6,89.0,1.6,4.89
soybean,31.3,656.0,80.0,8.2,87.6,3.5,3.99
potato,16.8,561.7,58.4,6.2,8.4,4.6,53.24
wheat,20.6,404.8,58.2,5.9,160.5,0.5,1.43
rice,26.4,1145.7,54.9,6.2,1.5,3.1,6.81
wheat,21.6,374.8,72.7,5.6,10.4,6.0,8.2
corn,20.8,987.4,72.8,6.5,32.3,3.1,12.28
barley,25.6,395.3,82.9,7.4,40.6,8.2,11.27
soybean,30.5,934.1,57.3,6.5,7.5,4.6,4.98
barley,17.0,410.6,63.7,5.2,145.4,4.8,11.55
potato,14.4,528.8,76.9,7.6,72.0,0.5,5.92
soybean,28.7,724.3,62.6,6.4,55.3,1.9,4.02
corn,32.7,701.5,61.2,6.7,0.0,6.2,22.11
corn,23.3,768.2,58.7,6.3,15.6,21.8,140.79
rice,20.5,807.5,61.1,4.9,53.7,9.8,13.68
soybean,20.1,870.2,73.4,7.5,10.2,4.3,4.52
corn,21.9,1064.2,65.0,5.6,2.1,1.7,5.43
barley,23.8,396.9,57.6,5.9,64.1,3.7,6.65
soybean,19.8,597.6,65.9,7.4,21.3,5.1,7.81
corn,25.2,913.5,58.3,5.3,73.0,5.3,26.07
tomato,22.4,740.0,51.6,5.4,96.8,4.1,110.4
corn,25.2,904.5,68.2,6.6,295.7,9.0,59.25
tomato,22.6,374.4,53.2,6.7,278.7,2.4,51.7
potato,14.6,593.7,55.2,6.5,9.7,14.2,206.92
wheat,24.2,320.6,51.4,5.9,83.6,0.5,0.96
tomato,26.7,541.6,62.0,6.2,15.9,1.5,35.9
corn,25.3,675.0,61.4,5.6,106.1,1.2,7.39
rice,25.7,1147.7,61.7,6.1,28.0,3.8,10.45
wheat,26.8,342.3,57.0,6.4,45.4,4.5,6.92
wheat,12.0,526.1,67.8,4.0,17.9,1.9,1.76
tomato,19.0,656.0,56.9,6.4,58.1,4.3,139.86
soybean,25.6,641.3,49.5,7.4,165.6,0.5,0.99
soybean,18.1,939.0,56.7,6.1,73.2,11.6,14.81
barley,19.5,418.1,60.7,6.9,46.6,1.1,2.25
potato,11.8,356.6,49.9,6.4,42.9,0.5,4.72
wheat,14.8,529.3,66.5,6.0,115.4,3.7,10.55
tomato,18.6,643.1,58.6,6.9,38.9,9.6,250.41
soybean,14.5,659.4,63.0,6.7,56.4,0.5,0.78
soybean,21.1,638.2,61.8,4.4,32.1,4.4,6.0
wheat,13.4,512.0,68.2,6.6,12.3,2.4,3.99
barley,18.4,491.8,57.7,7.9,69.3,0.5,0.67
wheat,26.1,566.5,55.8,5.2,21.6,0.5,0.77
rice,26.4,1013.1,67.1,7.4,46.0,4.9,10.0
tomato,23.5,565.2,60.0,7.0,40.8,2.6,79.27
tomato,25.2,693.8,55.8,6.8,5.6,1.0,18.04
soybean,20.8,750.9,77.8,4.7,41.2,3.7,3.89
potato,21.9,427.0,83.8,6.3,35.0,1.8,15.29
tomato,14.1,547.9,76.4,5.1,68.6,0.9,24.33
soybean,18.6,635.6,72.2,6.0,96.1,2.0,3.63
soybean,29.5,737.6,71.9,7.7,53.6,0.7,0.96
wheat,13.7,407.2,70.7,5.9,190.9,1.4,2.26
potato,17.2,564.0,56.1,6.5,78.6,4.0,82.39
potato,9.5,465.6,73.5,5.7,71.0,1.9,20.57
soybean,22.8,857.4,68.2,6.7,67.9,1.0,1.49
tomato,20.1,487.9,44.8,7.8,5.6,8.9,183.95
corn,17.6,814.1,57.8,5.2,133.6,0.5,3.59
wheat,24.7,397.0,55.9,7.0,98.2,5.4,9.5
tomato,25.8,714.6,55.3,7.3,169.5,0.5,16.21
soybean,23.1,482.4,54.4,8.1,214.7,4.8,6.2
tomato,21.4,526.0,73.7,6.3,13.1,0.8,19.18
soybean,23.4,843.4,73.9,5.4,56.2,1.9,2.52
rice,26.1,996.7,52.6,7.8,0.5,3.7,6.08
barley,20.1,279.3,53.4,6.5,9.2,1.4,1.64
barley,16.6,600.3,72.8,6.6,164.0,7.7,10.15
rice,27.3,1229.9,68.6,6.5,83.0,3.6,9.43
corn,23.0,773.8,56.7,6.4,91.8,1.3,11.65
potato,19.4,557.4,70.4,7.3,80.9,2.6,34.19
wheat,22.8,627.5,63.5,6.9,8.9,9.1,14.49
tomato,23.4,621.9,60.7,5.9,12.0,4.7,116.66
wheat,19.6,513.1,52.1,6.6,14.7,3.1,5.92
corn,24.4,772.8,63.9,7.3,42.9,2.7,18.64
soybean,25.7,805.4,60.8,6.0,3.8,13.4,19.77
wheat,23.2,499.7,65.2,6.3,4.5,1.1,2.37
soybean,26.8,1046.1,73.3,6.1,111.8,6.6,7.71
tomato,23.9,500.5,63.2,4.8,37.6,4.9,106.66
barley,21.1,334.4,72.6,5.8,25.7,4.9,6.61
wheat,16.7,690.4,58.9,7.4,160.8,0.5,0.87
rice,26.4,1208.3,59.1,7.3,66.1,1.6,5.03
wheat,21.0,402.5,78.0,7.0,32.9,8.8,13.04
potato,17.3,488.4,62.1,5.5,5.1,1.3,12.04
corn,15.0,797.6,74.2,5.9,245.3,0.5,2.44
tomato,24.7,645.9,67.3,6.9,26.7,2.0,64.33
barley,17.3,336.5,37.3,6.2,144.8,3.5,6.58
wheat,17.4,410.9,56.5,5.3,40.0,3.9,6.86
rice,25.4,1153.0,51.4,6.9,42.4,5.4,15.48
tomato,19.4,609.8,52.4,5.1,3.3,1.6,33.52
soybean,23.5,704.0,83.8,6.5,77.5,3.2,7.06
soybean,28.8,522.9,61.2,6.2,222.5,12.5,21.59
soybean,20.1,662.8,58.9,5.9,28.5,5.1,9.61
tomato,24.5,680.2,74.8,6.4,51.2,2.4,58.4
rice,27.0,1360.2,53.9,7.4,4.6,4.7,8.1
soybean,18.5,528.5,67.2,5.3,151.2,2.5,3.77
barley,16.5,341.7,68.2,7.8,172.7,4.0,6.29
barley,18.6,380.3,71.0,7.6,33.1,15.2,22.05
barley,24.7,540.8,63.6,6.2,55.3,1.2,1.84
potato,16.6,593.6,70.4,4.7,192.2,4.2,64.13
wheat,12.8,433.9,73.7,7.0,143.2,21.3,47.14
potato,20.9,678.5,71.2,6.2,4.2,2.6,31.95
wheat,16.3,488.3,81.6,5.8,182.6,3.7,6.31
soybean,30.1,820.5,66.4,8.2,44.8,0.5,0.56
soybean,23.6,815.2,69.6,5.6,104.2,4.6,8.18
barley,21.1,435.4,47.8,5.9,220.8,3.6,6.2
rice,28.0,1401.6,59.5,5.2,51.3,9.6,23.89
potato,18.4,561.8,62.7,6.0,91.3,1.6,31.98
soybean,26.9,962.1,70.7,6.0,3.4,1.9,1.63
corn,27.1,829.4,56.2,7.4,24.6,6.0,35.12
wheat,20.5,463.3,58.0,8.5,73.4,0.9,1.93
rice,29.7,1260.2,55.0,6.7,10.4,6.4,14.18
corn,20.0,1004.4,81.4,9.0,32.6,3.7,7.9
rice,26.2,1352.7,59.4,7.6,56.5,9.7,25.0
barley,20.5,444.1,63.1,6.5,31.8,6.7,13.08
potato,15.8,681.1,66.4,6.1,5.2,2.0,20.51
potato,20.8,463.3,70.9,4.3,6.2,0.6,3.75
barley,15.1,351.2,80.8,6.5,5.1,4.3,6.36
rice,27.4,1155.0,56.6,7.3,34.0,5.3,13.5
barley,21.2,436.6,73.6,5.8,24.7,0.9,1.25
barley,21.5,397.6,74.3,8.3,23.0,2.1,2.73
rice,31.4,1272.2,67.2,6.7,157.7,5.9,23.41
soybean,23.1,773.6,56.4,5.8,149.1,3.2,6.01
tomato,24.3,712.7,55.9,6.0,113.0,3.2,119.58
soybean,18.7,698.5,66.3,6.2,150.3,1.2,2.21
corn,28.2,695.3,81.8,5.0,1.7,0.5,1.75
wheat,19.1,508.0,56.4,6.3,141.6,0.7,2.46
potato,16.3,467.4,78.7,6.5,8.4,2.8,25.28
wheat,22.3,559.5,59.1,6.4,39.2,1.7,3.64
barley,17.5,370.2,50.6,6.1,79.3,5.1,11.11
potato,19.0,532.4,54.1,6.0,75.0,2.9,55.47
tomato,23.3,579.1,57.4,5.7,36.9,5.4,167.49
potato,20.2,630.8,54.0,5.8,96.6,2.6,56.65
tomato,22.4,593.3,67.9,6.2,56.7,6.9,246.16
tomato,16.1,625.6,69.8,7.6,159.8,3.1,102.74
potato,18.2,590.5,59.9,6.7,159.0,3.3,75.48
barley,15.0,380.0,68.2,6.7,4.5,17.9,31.33
soybean,24.3,394.1,69.4,7.3,76.4,1.0,1.25
corn,25.6,568.6,63.4,6.1,225.0,2.1,10.5
rice,22.1,1099.7,64.3,6.0,23.5,2.2,4.69
wheat,27.5,402.8,74.8,6.4,74.5,2.8,4.46
tomato,23.5,425.6,67.5,5.8,67.2,7.9,208.55
corn,25.7,676.3,78.3,8.0,39.9,1.5,5.73
wheat,20.2,555.8,83.6,6.1,105.7,26.9,62.94
wheat,12.8,492.4,63.5,6.3,7.6,5.5,9.09
rice,31.9,1078.0,61.0,5.6,34.1,2.8,6.23
soybean,30.0,873.0,65.7,7.5,16.6,6.9,6.36
barley,13.6,462.3,64.1,5.6,11.3,1.5,2.28
wheat,18.5,554.6,57.5,5.5,180.7,17.0,33.46
corn,22.0,718.5,57.4,6.3,9.0,8.6,40.9
wheat,14.6,392.0,44.8,6.4,17.1,1.9,2.66
corn,26.3,708.5,66.5,6.0,107.6,1.2,8.2
corn,31.0,826.9,69.4,5.3,23.4,10.5,44.57
rice,25.0,1041.5,60.8,5.4,97.4,1.2,2.92
barley,11.6,382.0,75.2,5.0,100.9,2.2,3.48
barley,14.6,388.6,54.1,6.9,21.2,5.0,8.05
corn,22.4,685.6,75.4,6.0,47.3,6.5,34.94
barley,18.6,326.2,41.0,7.9,40.4,2.8,3.41
potato,11.9,617.0,74.6,6.8,4.2,1.3,19.26
tomato,23.2,580.8,68.5,5.8,4.3,3.0,60.07
soybean,25.9,748.5,72.2,6.7,132.0,7.3,15.82
wheat,17.9,492.9,80.9,6.5,24.7,8.2,17.06
potato,15.4,587.5,57.0,6.8,11.5,5.9,69.48
rice,27.2,1160.4,61.5,8.6,59.4,5.5,12.53
barley,17.1,412.6,66.8,6.0,9.5,0.5,0.81
wheat,21.4,476.2,52.6,7.7,73.9,5.3,11.36
potato,20.2,694.3,69.9,7.4,83.4,0.7,9.81
corn,29.2,775.3,63.8,6.6,139.5,9.8,74.96
rice,30.3,1188.8,51.1,7.3,59.6,0.5,1.32
rice,28.7,1407.8,70.3,7.2,29.3,0.5,1.1
soybean,25.4,598.7,66.0,6.1,163.0,11.1,18.61
soybean,15.1,746.8,71.1,8.7,11.8,13.9,11.33
wheat,14.6,522.3,70.5,7.0,4.0,9.3,11.96
wheat,17.0,520.0,61.8,5.5,16.7,1.0,1.89
potato,16.6,656.6,65.7,5.6,9.3,1.1,13.39
wheat,22.0,618.9,83.5,7.2,18.4,2.2,3.09
corn,19.5,964.2,71.3,7.6,6.4,3.6,10.35
potato,13.5,786.7,77.4,7.1,143.9,0.5,7.04
soybean,26.6,699.5,60.2,6.4,246.2,1.2,2.99
barley,13.1,454.0,69.7,5.8,72.1,7.0,11.26
corn,15.7,550.2,62.1,6.3,235.5,1.2,5.13
tomato,24.0,593.0,53.1,7.3,16.7,1.8,47.07
wheat,16.3,482.0,55.7,7.8,146.6,3.9,9.3
barley,23.4,299.1,84.7,6.8,91.8,5.0,7.81
tomato,21.7,577.2,54.1,5.7,0.5,3.1,71.84
wheat,23.0,436.2,67.2,6.3,192.8,2.4,5.44
rice,25.3,1370.3,63.7,6.3,194.6,5.0,14.0
rice,30.6,1184.1,62.0,5.7,138.5,1.3,4.8
potato,19.5,615.8,82.3,5.8,21.6,0.5,6.33
soybean,29.2,639.2,56.5,6.3,135.4,2.4,4.98
potato,16.4,518.8,69.7,4.4,98.7,11.8,168.27
corn,31.5,692.8,54.1,6.5,69.8,1.8,10.51
soybean,22.6,563.8,48.9,5.7,192.8,0.8,1.52
barley,16.6,439.1,71.9,5.8,30.9,3.5,6.22
corn,22.4,624.3,87.7,6.3,43.9,6.3,26.06
corn,23.2,889.2,64.6,6.6,15.7,2.2,10.34
wheat,19.6,345.5,59.6,6.8,47.5,3.3,6.32
barley,20.7,387.1,51.3,6.7,32.7,15.2,27.14
tomato,21.5,543.4,60.3,7.1,99.1,2.7,102.57
potato,16.0,591.9,61.2,7.3,79.8,6.3,96.38
barley,15.4,299.4,72.3,7.2,89.5,4.8,8.13
rice,28.1,1010.7,64.3,6.2,19.9,3.8,8.64
tomato,25.0,455.6,60.2,6.4,33.1,0.5,13.34
potato,16.2,706.4,68.1,5.8,183.4,4.9,77.93
tomato,22.2,590.8,80.6,6.9,17.9,8.2,220.27
potato,17.8,471.2,68.8,6.4,25.6,2.6,31.55
corn,26.8,908.4,66.1,7.3,1.1,3.9,16.88
soybean,27.4,769.0,56.9,6.8,116.0,1.2,2.92
wheat,17.8,513.5,63.8,5.6,262.3,3.7,9.21
soybean,17.7,768.5,71.2,6.6,18.5,6.6,8.98
barley,22.4,330.5,66.0,7.4,155.1,0.5,0.96
potato,18.8,563.0,68.9,6.0,8.5,4.9,68.26
barley,15.6,378.1,60.1,7.4,129.7,2.4,5.39
barley,14.0,420.0,53.2,6.3,96.4,7.1,16.47
wheat,16.1,488.6,51.2,5.4,60.3,4.4,7.77
soybean,10.9,601.8,77.1,6.5,142.7,2.6,2.95
wheat,11.6,563.5,88.9,6.8,118.7,0.6,1.04
rice,27.4,948.8,71.6,5.7,167.8,1.7,4.21
soybean,22.0,688.1,68.8,5.8,49.0,7.1,11.36
rice,28.7,1084.2,64.3,5.2,27.0,6.4,11.68
wheat,29.5,530.7,62.5,7.6,30.8,11.8,15.88
rice,28.4,851.9,60.3,6.2,10.6,4.4,7.24
rice,23.7,1226.9,62.4,5.8,145.2,10.0,38.74
corn,28.4,729.7,57.4,7.6,62.1,0.5,2.6
rice,32.5,1463.1,58.4,6.8,151.5,3.8,11.28
soybean,23.9,738.6,60.2,6.9,15.2,6.5,9.38
barley,13.9,450.0,64.2,8.2,205.3,0.5,0.88
barley,19.3,194.1,61.9,6.1,144.8,3.6,4.74
potato,11.5,678.6,65.6,7.9,55.3,0.6,5.92
potato,15.2,528.4,62.6,6.2,8.5,1.1,13.88
tomato,22.2,697.2,73.7,5.9,209.0,3.3,112.56
rice,26.0,1266.9,71.8,6.3,58.7,4.2,10.8
rice,29.1,1111.0,56.0,7.0,36.5,0.6,1.28
barley,19.2,384.0,59.1,4.0,0.3,3.5,4.37
corn,26.5,629.3,68.6,7.0,7.2,3.1,13.49
tomato,19.1,479.4,62.4,5.8,3.0,12.5,258.36
potato,20.1,600.3,77.3,7.3,34.5,13.2,150.25
rice,31.7,1165.2,79.0,7.8,151.5,3.9,10.23
wheat,25.6,408.3,71.7,7.3,45.3,17.0,27.09
rice,31.2,1028.9,75.1,5.5,96.9,2.3,5.68
potato,16.5,499.2,44.1,5.3,59.7,8.3,85.19
wheat,19.8,600.1,55.8,7.4,33.5,1.1,1.47
soybean,26.5,710.1,61.6,8.9,35.6,0.5,0.65
rice,24.3,1424.6,72.8,6.8,21.7,19.3,31.3
soybean,21.2,797.0,56.5,6.2,49.4,1.7,2.68
corn,31.7,994.0,61.9,7.5,6.1,1.6,5.35
soybean,25.1,665.5,79.9,7.0,201.7,1.9,3.52
tomato,21.8,526.5,63.1,5.2,48.6,4.4,103.06
tomato,20.7,478.6,69.6,7.8,59.7,6.3,164.07
soybean,24.9,808.2,60.3,6.5,22.7,3.1,5.33
soybean,32.2,789.1,59.8,8.0,103.9,5.0,6.76
wheat,11.7,497.8,76.2,6.4,92.2,10.7,24.65
wheat,18.9,529.8,86.0,6.4,28.4,6.9,11.92
tomato,24.8,561.0,52.3,6.1,44.2,2.4,75.21
potato,17.7,597.9,67.9,5.6,235.9,7.3,126.01
potato,21.8,665.1,80.4,6.6,66.1,4.0,47.47
corn,26.1,634.7,70.7,5.6,27.2,4.6,22.79
rice,29.9,1144.6,69.5,5.5,41.6,0.5,1.01
barley,14.7,551.7,63.8,6.2,24.2,14.6,18.31
potato,17.1,684.4,74.3,5.3,41.6,17.6,232.13
rice,31.8,1194.3,59.9,5.9,5.4,6.1,13.02
soybean,18.5,661.0,55.6,6.0,6.7,3.2,4.61
corn,25.5,760.3,69.9,5.1,26.2,2.1,11.01
barley,16.6,415.2,74.5,6.2,21.2,0.6,0.89
wheat,17.3,579.8,53.2,6.4,74.7,1.0,2.63
wheat,12.3,569.7,69.1,6.5,95.4,5.6,13.1
corn,20.7,841.0,44.3,6.4,114.5,6.2,45.66
corn,28.1,746.4,81.9,7.7,41.3,5.6,25.65
soybean,22.1,452.7,75.9,7.7,0.5,0.5,0.31
barley,18.8,404.8,71.7,6.3,55.9,5.4,7.95
wheat,20.3,436.5,64.6,6.9,48.4,1.8,3.53
tomato,20.9,838.1,72.9,6.3,2.4,7.3,115.72
soybean,27.6,494.9,77.3,6.6,9.9,0.7,0.81
potato,17.5,624.3,59.0,6.6,89.4,3.8,87.0
tomato,27.2,778.5,65.1,6.3,53.1,3.9,83.78
barley,17.2,354.2,60.9,7.8,136.2,4.0,8.27
tomato,19.7,520.4,66.7,7.8,126.4,3.4,107.85
corn,25.0,666.0,74.0,5.7,16.8,11.1,39.35
rice,27.1,1006.8,59.6,6.1,23.1,1.9,3.69
rice,29.3,1534.4,76.3,6.1,39.3,7.9,13.63
barley,17.2,347.3,69.6,6.2,131.9,1.4,2.93
barley,12.7,457.9,77.9,8.6,85.2,1.3,1.58
soybean,27.1,411.3,72.2,7.3,18.6,8.0,5.95
rice,30.0,984.1,67.8,7.6,108.0,5.4,15.49
rice,26.4,1418.2,62.1,6.0,22.4,1.3,2.92
soybean,23.2,662.5,73.6,6.9,155.6,2.7,5.62
tomato,19.4,842.5,56.7,7.6,1.4,4.0,59.33
rice,27.5,1474.3,55.2,6.1,66.3,14.4,35.38
wheat,16.1,544.7,71.7,6.4,110.1,41.5,120.23
soybean,25.9,490.4,59.6,6.3,0.1,3.0,3.45
potato,18.3,569.5,57.6,6.2,163.2,5.1,104.87
potato,13.4,567.1,81.7,6.3,56.0,1.9,21.26
soybean,29.5,641.2,45.0,7.6,32.4,0.7,0.84
tomato,20.0,537.2,62.1,5.9,9.4,1.2,31.38
corn,32.3,826.9,67.5,7.5,15.8,0.5,2.21
wheat,18.3,432.0,65.1,7.1,72.8,8.3,18.46
barley,19.8,401.5,59.8,6.9,19.2,5.6,11.07
soybean,23.4,511.1,55.0,6.4,39.6,0.6,0.83
corn,18.3,473.3,58.0,6.6,20.6,13.4,43.67
wheat,20.6,502.0,55.2,5.4,20.5,10.3,21.85
tomato,22.2,518.8,56.4,5.2,15.8,4.3,95.97
soybean,26.4,596.4,77.3,5.5,52.1,1.0,1.21
potato,14.7,687.6,57.9,7.0,31.1,3.1,39.71
corn,19.1,339.3,72.8,6.4,181.3,8.2,18.95
rice,28.4,1481.8,85.0,6.3,156.6,5.0,12.88
corn,26.0,889.9,78.7,6.0,89.3,3.8,22.04
barley,18.8,559.9,76.4,6.4,83.8,6.0,7.73
rice,26.1,1144.5,54.6,6.3,235.9,3.2,11.72
rice,25.8,1040.2,75.6,7.3,0.4,0.5,1.03
wheat,17.9,538.5,69.1,6.3,1.6,7.0,8.92
corn,18.5,949.9,64.2,5.6,27.7,2.4,11.14
wheat,10.5,574.5,66.3,6.8,28.3,0.7,0.93
potato,20.1,506.2,62.9,6.6,82.3,9.5,151.58
barley,24.3,367.5,70.1,7.0,3.2,1.1,1.49
potato,17.2,568.3,44.8,6.1,154.3,8.1,170.9
wheat,19.1,485.8,66.4,7.1,88.0,12.1,35.65
corn,17.4,637.7,81.2,7.7,39.2,2.1,6.21
tomato,20.0,521.9,58.8,7.2,17.0,3.5,84.69
barley,20.2,460.0,56.5,7.1,96.4,2.6,5.01
tomato,18.8,564.6,52.7,7.3,70.5,4.4,158.4
rice,27.4,1117.0,71.4,6.6,1.5,13.5,35.8
rice,18.6,1177.1,74.9,4.8,49.3,0.5,0.91
tomato,25.3,669.2,67.7,5.7,2.8,3.4,71.99
wheat,18.5,482.5,65.3,6.0,49.3,1.8,3.43
corn,17.4,942.2,67.2,6.9,10.9,2.2,9.27
rice,29.0,943.1,73.8,6.0,53.2,5.5,10.41
rice,27.4,1394.1,69.2,6.7,41.9,1.1,2.72
barley,18.2,347.4,68.4,6.5,122.7,4.4,12.21
rice,25.7,1193.5,55.6,5.6,232.2,1.7,6.03
tomato,20.6,667.1,76.8,8.5,3.8,4.9,71.63
tomato,19.7,670.7,85.8,5.7,117.6,0.5,17.81
corn,22.2,972.0,56.0,7.3,5.8,10.0,35.09
soybean,28.3,821.5,48.2,6.3,22.1,3.3,4.17
corn,29.4,685.5,62.3,6.6,48.7,2.5,14.99
soybean,22.0,527.6,71.9,7.1,20.7,12.8,12.21
wheat,25.3,533.3,63.0,6.7,113.4,8.3,22.12
corn,19.6,818.4,63.5,6.9,11.6,3.7,17.26
tomato,19.8,554.4,79.9,6.8,8.7,0.6,13.71
wheat,18.4,425.5,64.0,7.0,0.7,2.9,4.7
potato,11.6,626.7,66.3,6.2,158.9,0.9,17.84
wheat,21.3,367.0,81.3,6.0,135.9,2.6,5.6
potato,15.7,478.5,42.9,6.3,30.9,16.6,191.76
rice,28.1,1124.2,72.2,6.7,74.5,4.2,11.99
rice,31.9,1222.1,65.8,7.0,33.4,16.3,37.72
wheat,20.3,495.5,52.7,7.6,11.1,2.8,4.21
barley,23.9,311.5,63.8,6.3,100.1,3.3,5.47
potato,15.9,524.6,61.4,6.9,74.9,2.6,46.91
potato,15.4,669.8,56.6,6.7,19.4,9.9,117.59
soybean,29.2,704.3,55.7,5.0,11.0,0.7,0.94
corn,30.2,1101.4,72.8,5.7,100.9,6.1,26.45
tomato,20.8,781.9,76.8,6.6,52.3,2.3,67.92
soybean,23.1,738.1,58.6,5.0,43.9,1.8,2.72
wheat,20.2,417.9,80.6,5.1,7.5,2.8,4.05
corn,28.0,884.8,61.9,6.5,102.4,0.5,3.81
potato,21.1,805.8,72.8,7.0,11.0,0.5,3.71
wheat,24.3,567.3,82.7,5.1,19.6,5.5,6.08
rice,26.4,1158.2,63.6,5.8,35.2,3.6,10.14
corn,19.4,661.8,59.3,6.7,17.5,5.9,25.67
rice,25.2,1282.3,78.0,8.6,106.0,0.5,1.11
wheat,22.6,362.5,63.2,6.4,20.7,1.6,2.67
soybean,24.4,719.2,81.0,6.3,249.2,7.4,14.7
barley,20.5,334.6,68.2,4.6,24.9,4.6,5.92
wheat,18.9,446.5,68.5,7.4,3.3,11.6,19.82
barley,18.7,495.2,80.7,7.3,3.1,10.2,9.88
wheat,26.8,570.4,62.8,6.5,8.0,0.5,0.78
soybean,24.8,900.6,56.0,6.9,73.2,8.2,12.49
tomato,17.0,496.0,75.9,6.7,6.5,0.5,9.85
tomato,23.5,725.2,66.6,7.0,42.9,2.0,51.0
rice,24.1,1251.3,64.7,5.3,260.8,7.3,15.08
rice,27.5,1349.2,58.2,6.4,56.4,4.1,10.89
rice,31.7,883.9,77.4,8.3,81.8,1.5,2.47
soybean,17.8,627.9,76.7,5.2,17.0,0.5,0.44
potato,21.6,549.5,64.5,6.9,21.8,14.2,170.5
rice,28.7,1546.9,55.2,8.3,47.8,1.0,1.57
soybean,25.6,522.2,50.5,7.5,27.7,2.5,3.09
wheat,18.1,568.6,43.5,6.9,0.7,0.9,1.28
corn,24.9,914.0,78.8,7.1,37.1,6.4,32.4
barley,22.1,333.6,82.6,6.6,6.2,1.1,1.5
tomato,20.6,717.4,72.6,5.8,29.1,1.0,20.26
tomato,25.1,715.3,52.8,6.9,32.8,1.2,26.07
corn,28.2,749.5,64.0,7.5,3.2,5.1,20.82
corn,26.4,820.7,84.6,7.1,46.4,11.6,60.3
rice,24.8,806.9,59.1,5.2,14.4,5.8,7.97
tomato,21.9,495.6,75.5,7.1,1.6,11.1,250.69
wheat,21.2,582.8,74.7,6.3,82.2,0.5,1.31
tomato,22.0,753.3,51.5,5.8,82.4,5.9,154.79
soybean,27.4,637.1,55.4,7.1,59.2,1.7,2.99
wheat,29.3,560.3,55.9,6.5,116.9,6.9,14.04
wheat,15.6,660.6,69.7,5.7,49.6,9.3,13.36
barley,21.6,319.4,83.1,6.9,127.1,2.1,3.63
tomato,21.3,470.3,58.4,5.9,246.6,1.3,38.37
rice,29.1,1008.8,63.7,6.0,15.6,0.6,1.29
potato,17.4,583.7,56.3,6.6,60.0,0.8,15.28
wheat,22.8,522.8,71.2,5.6,6.6,4.6,7.82
corn,21.4,1150.7,56.4,6.9,28.8,5.4,16.44
wheat,25.3,477.4,65.5,7.3,66.6,5.5,12.04
rice,29.4,1292.5,52.7,6.3,100.0,5.4,16.43
wheat,25.9,514.2,69.4,7.3,33.1,3.2,5.45
soybean,27.1,830.8,59.3,6.5,48.6,0.5,0.92
wheat,14.5,589.6,57.3,5.2,153.1,3.5,6.37
soybean,30.4,656.4,50.7,7.5,0.1,13.8,16.6
tomato,19.0,656.8,73.4,6.0,48.4,5.6,138.85
tomato,17.4,672.5,69.5,6.4,20.9,3.6,83.3
barley,24.0,497.2,66.9,6.0,245.0,3.9,6.44
corn,33.7,906.7,45.8,5.4,167.4,0.9,3.91
wheat,19.6,623.9,50.5,6.1,104.7,0.7,1.67
corn,27.4,608.3,72.5,6.5,11.6,4.2,19.41
tomato,20.5,562.3,50.2,7.3,289.4,1.1,29.44
soybean,19.4,889.9,61.0,6.6,4.4,3.1,3.89
tomato,22.4,775.2,64.6,6.9,52.6,4.2,102.88
wheat,25.7,501.7,60.4,4.2,151.1,6.1,10.29
barley,17.7,263.7,56.1,7.1,52.1,0.5,0.73
soybean,25.2,656.4,63.2,4.5,170.1,2.7,4.24
wheat,20.2,636.7,70.5,5.4,82.5,0.6,0.73
corn,31.5,822.7,58.6,8.1,142.5,0.8,5.09
rice,29.4,1491.9,71.4,6.6,21.3,0.5,0.85
wheat,12.9,592.0,75.2,6.0,93.3,1.2,2.16
barley,9.9,384.3,60.0,7.2,86.2,0.7,1.5
corn,26.3,691.6,61.5,5.8,48.6,12.0,61.43
barley,14.4,485.9,62.9,5.8,5.2,8.6,10.88
rice,26.1,1163.0,77.1,5.5,90.4,7.4,20.96
rice,26.1,1368.0,56.2,7.0,23.0,2.1,3.92
corn,36.3,979.4,61.6,6.6,131.2,2.2,8.89
rice,31.7,1097.0,57.7,7.2,133.7,3.8,12.16
rice,26.0,1014.8,63.9,6.4,258.0,5.9,16.78
soybean,21.4,848.2,70.0,5.6,31.8,9.8,11.82
tomato,19.0,598.7,61.6,6.0,67.6,2.9,84.71
rice,27.0,1234.6,52.8,5.7,64.8,6.6,19.56
wheat,20.2,417.9,60.7,6.3,91.9,5.4,13.54
wheat,24.5,473.2,57.6,5.9,37.3,1.3,2.37
soybean,24.7,679.0,73.0,6.1,22.8,8.2,13.13
barley,15.9,389.9,69.4,7.5,17.7,3.4,5.53
potato,19.3,629.4,61.2,6.5,32.2,6.7,106.47
wheat,17.3,447.5,46.7,6.7,79.3,0.6,1.26
potato,19.8,563.4,70.0,6.9,283.0,2.3,44.06
potato,16.5,535.9,65.4,6.9,27.2,0.6,9.69
potato,21.1,778.5,69.4,6.2,121.6,2.3,31.63
corn,31.5,820.6,59.5,6.9,99.6,2.4,19.89
tomato,20.1,782.9,70.2,6.1,129.8,3.3,107.51
potato,12.8,559.8,72.2,5.3,32.6,2.0,23.91
tomato,21.2,697.0,54.0,6.0,38.0,1.9,44.99
corn,30.0,1011.4,60.1,7.0,50.4,10.4,47.89
barley,19.2,439.6,56.9,6.3,93.3,19.2,45.88
soybean,24.7,665.9,72.5,4.8,10.8,4.4,5.48
potato,11.0,630.6,63.6,5.7,23.4,12.0,169.32
potato,19.6,722.7,52.9,6.9,195.5,8.0,111.39
soybean,23.2,553.2,79.2,7.7,33.5,0.6,0.67
tomato,19.0,644.9,53.2,6.8,20.5,0.5,14.73
corn,28.0,770.4,76.7,6.9,94.5,0.5,3.34
soybean,29.0,709.3,55.2,7.0,1.6,3.3,3.8
soybean,24.3,638.0,54.8,6.7,51.8,1.6,2.11
soybean,23.3,778.3,59.7,5.7,62.7,6.2,11.59
barley,13.7,471.5,66.3,5.7,66.8,2.5,4.01
barley,17.9,456.6,79.8,6.3,137.9,4.0,8.3
soybean,18.7,774.2,68.8,6.4,262.3,9.0,14.92
rice,23.9,1244.2,53.5,5.7,60.5,0.5,1.35
wheat,18.4,645.8,74.0,6.7,159.0,3.0,6.12
corn,23.9,623.3,79.7,6.0,69.5,2.5,11.16
corn,22.0,731.6,55.3,7.2,5.5,8.9,33.15
tomato,23.3,599.2,74.7,5.1,7.6,4.7,111.0
corn,28.4,520.5,75.2,7.2,36.6,1.9,6.12
tomato,25.3,836.5,50.6,6.3,0.3,1.4,16.79
wheat,20.8,573.4,72.7,5.8,109.6,2.4,5.2
corn,23.3,394.3,64.1,6.0,104.1,5.5,19.65
tomato,19.4,533.1,55.2,7.9,15.8,5.8,139.56
potato,17.6,519.1,55.6,6.7,104.9,12.5,258.53
corn,21.8,936.4,49.4,7.3,59.1,7.6,42.32
tomato,22.4,591.5,66.6,6.7,116.1,0.5,18.69
barley,18.3,367.6,72.0,5.9,12.0,0.5,0.59
corn,16.2,695.7,69.7,5.9,0.0,4.5,14.96
soybean,25.9,685.0,75.0,6.3,52.8,1.5,2.44
tomato,21.5,718.6,53.4,6.3,44.5,3.9,105.69
barley,16.4,526.6,50.9,5.3,68.8,0.8,0.89
barley,22.2,393.5,82.4,7.2,130.5,5.4,11.42
barley,8.0,435.0,68.8,6.4,5.5,0.9,1.1
rice,26.6,1239.0,79.1,6.9,140.9,0.9,3.04
barley,21.0,634.8,54.7,5.1,40.0,2.5,1.59
barley,15.4,329.9,76.9,5.5,27.8,1.2,1.43
barley,14.5,384.2,49.9,7.4,115.1,3.6,7.86
tomato,19.5,556.1,71.4,7.7,85.2,0.5,13.17
tomato,16.9,765.1,58.7,6.5,48.1,2.6,66.79
tomato,21.9,516.9,61.1,5.7,32.0,2.8,79.21
potato,17.5,601.1,51.6,5.3,158.6,1.7,32.65
corn,17.0,769.8,66.0,7.3,307.0,8.3,46.54
corn,25.4,1030.9,80.7,6.3,25.8,1.5,6.46
wheat,12.2,496.4,66.5,7.1,41.9,5.3,8.94
wheat,20.0,669.2,41.7,6.1,169.9,2.8,4.84
wheat,20.0,384.8,66.1,6.8,32.9,4.4,6.74
barley,12.6,483.9,70.4,8.4,2.0,7.8,6.04
wheat,10.7,448.6,74.5,5.9,56.2,6.8,9.62
tomato,18.7,666.1,66.0,8.3,101.0,8.9,268.4
tomato,23.4,793.3,67.6,6.5,30.1,7.0,171.17
tomato,22.4,606.7,69.1,7.4,87.7,1.2,38.89
wheat,19.2,400.3,57.0,6.1,26.5,1.3,2.67
soybean,26.5,550.7,69.5,5.9,253.3,9.6,14.5
barley,23.7,345.0,80.7,6.1,9.6,8.2,8.79
corn,20.8,885.8,71.0,6.3,14.9,1.5,6.17
tomato,20.3,598.9,83.5,6.8,33.1,0.6,17.69
tomato,19.7,706.9,52.1,5.6,54.8,6.6,214.06
soybean,22.7,605.8,65.1,6.9,79.0,2.2,2.6
barley,23.8,363.2,60.7,5.5,149.5,2.1,4.88
soybean,27.8,606.3,75.9,5.2,79.0,1.8,2.5
tomato,20.9,670.3,51.7,7.4,39.7,1.5,35.38
corn,16.2,613.7,75.8,7.2,122.4,2.2,9.26
soybean,22.3,770.7,67.3,6.6,85.6,2.9,5.65
wheat,19.9,488.7,73.0,5.8,48.4,1.4,2.92
rice,29.0,1400.4,80.6,4.9,83.8,2.2,4.11
tomato,20.0,640.9,60.7,6.6,35.2,0.5,17.64
wheat,20.0,433.8,65.0,6.5,31.5,0.9,1.88
potato,19.1,677.7,81.1,7.6,81.3,5.0,66.53
rice,28.1,1150.3,67.3,6.6,106.2,0.6,2.17
wheat,20.4,456.9,61.7,6.8,72.2,4.5,11.42
barley,19.0,356.8,68.1,6.1,127.5,0.5,1.13
wheat,18.4,307.4,75.0,6.3,211.9,1.8,3.08
tomato,23.4,603.2,67.8,5.9,14.9,7.2,167.6
potato,13.2,484.7,74.7,6.8,75.2,9.6,135.33
wheat,13.1,538.6,66.3,7.0,60.7,1.0,2.19
potato,12.3,666.6,63.7,5.9,64.7,2.0,32.65
barley,23.4,469.9,57.0,6.3,75.7,2.3,4.99
tomato,23.7,584.4,68.4,7.5,23.2,1.1,28.69
tomato,15.7,473.5,65.6,7.9,45.8,5.0,102.07
wheat,10.4,578.6,85.4,6.1,196.7,0.5,0.83
potato,21.0,610.3,62.0,7.0,53.1,1.8,29.2
rice,28.1,1416.8,60.0,7.4,10.7,0.5,0.85
corn,20.9,774.3,77.5,6.0,149.7,6.7,47.04
rice,22.5,856.6,82.9,5.8,53.8,3.6,5.83
rice,27.9,1064.5,61.6,5.7,227.3,6.2,15.61
potato,18.2,652.7,66.0,4.5,49.9,1.5,16.16
wheat,20.0,456.6,71.6,5.7,86.3,9.0,20.61
rice,30.1,1348.2,56.2,7.0,33.0,3.2,8.18
rice,25.7,1350.4,79.1,6.8,3.4,2.4,4.46
barley,17.9,337.5,66.2,8.0,164.5,1.7,3.38
barley,10.4,358.0,54.0,6.3,24.7,6.1,6.32
barley,9.7,569.7,62.2,4.9,73.9,21.3,19.08
wheat,24.0,531.6,70.7,7.9,223.9,1.4,3.18
barley,18.6,533.9,73.8,5.9,64.3,5.4,6.97
rice,21.9,1211.0,72.1,6.2,14.9,5.0,10.65
tomato,19.8,601.4,69.7,6.9,16.4,5.0,146.65
barley,22.4,531.1,75.8,7.1,81.3,7.3,9.48
wheat,19.0,527.8,55.7,5.7,25.3,9.7,16.96
rice,26.1,1335.1,66.4,6.1,16.0,5.6,11.54
wheat,23.9,593.6,69.4,6.8,7.8,6.7,10.22
wheat,20.9,598.8,62.7,4.5,14.1,6.0,7.68
potato,18.2,735.9,63.5,6.0,1.9,2.0,22.73
potato,17.2,687.3,89.3,6.9,209.8,2.6,35.13
potato,12.1,565.4,57.3,7.1,4.6,8.0,100.88
barley,13.8,381.6,54.9,5.6,21.6,3.0,4.55
soybean,18.4,672.4,63.4,6.4,80.3,1.4,3.27
corn,21.3,694.0,77.7,7.2,45.6,2.0,8.59
wheat,19.8,490.6,57.7,6.1,27.3,1.9,4.94
rice,29.3,1402.3,58.0,8.4,78.8,7.9,16.81
wheat,22.0,561.9,65.9,6.3,54.7,9.4,19.57
soybean,26.2,620.9,75.4,6.5,40.5,1.6,2.79
wheat,16.3,586.3,44.4,7.7,103.4,1.2,1.96
potato,17.9,599.9,57.1,6.4,303.1,9.3,161.79
wheat,14.0,672.8,60.3,5.5,80.1,18.7,26.96
rice,24.9,1460.1,71.9,6.8,51.1,2.4,5.49
wheat,14.2,403.5,48.7,7.6,20.7,8.6,9.07
rice,27.1,1262.9,69.4,7.2,58.7,8.9,20.27
barley,16.6,352.1,72.3,5.7,80.1,9.9,21.63
soybean,23.8,883.8,84.3,7.1,204.7,0.5,0.65
tomato,22.7,524.7,74.7,5.9,62.1,0.7,14.79
corn,28.1,877.0,47.3,5.8,41.8,1.3,6.26
soybean,24.5,628.9,67.5,6.1,4.3,0.5,0.72
soybean,22.8,518.3,71.3,7.9,206.5,4.0,6.89
tomato,24.9,805.6,64.1,6.4,206.9,2.2,63.93
barley,11.6,334.3,70.4,6.3,38.2,3.2,4.53
tomato,25.8,803.8,67.7,6.7,26.6,2.9,54.31
rice,27.4,1389.6,61.9,5.5,92.1,0.5,1.51
wheat,13.0,278.8,73.8,5.7,102.3,1.7,1.99
soybean,27.6,784.6,68.5,6.2,9.0,0.6,0.85
barley,22.9,436.9,67.5,7.1,0.5,1.0,1.31
tomato,19.7,705.0,54.8,6.8,67.9,4.4,130.32
potato,18.7,591.2,65.9,5.3,106.5,4.1,72.99
potato,19.0,609.5,60.0,6.2,138.3,1.2,25.78
barley,25.1,380.2,41.2,7.0,31.1,4.7,6.56
soybean,25.8,632.1,43.2,7.6,265.8,0.8,1.21
soybean,22.9,837.1,85.3,5.8,119.1,0.5,0.7
tomato,23.1,556.9,43.8,5.9,12.6,0.5,11.42
rice,25.0,1452.9,69.4,6.3,22.9,5.1,10.24
rice,22.6,1436.8,68.1,6.7,61.1,2.4,5.21
barley,17.9,381.2,64.6,7.5,29.8,10.3,16.18
barley,16.1,277.4,53.7,7.3,4.2,1.2,1.44
soybean,17.2,580.8,57.9,6.4,57.2,3.0,5.1
rice,31.5,1275.7,59.1,5.3,37.7,3.4,7.26
potato,17.1,689.0,58.4,7.1,53.9,2.2,31.23
wheat,18.2,260.5,56.9,6.9,151.9,6.1,9.84
potato,17.3,622.9,62.5,5.4,5.9,2.5,28.22
corn,32.2,751.8,78.4,5.6,195.7,1.6,9.43
soybean,22.5,694.1,67.4,4.0,31.0,0.7,0.93
corn,19.6,1165.8,73.3,6.0,14.1,1.4,3.32
rice,29.4,1245.0,72.9,6.3,199.6,13.3,40.14
barley,11.9,485.8,56.5,7.3,48.6,6.0,8.97
soybean,20.2,923.8,54.1,6.3,57.6,4.4,4.76
soybean,22.9,726.3,78.0,5.1,28.3,2.4,2.92
rice,26.3,1135.7,52.2,7.4,116.6,1.2,3.69
corn,29.7,1005.8,66.4,6.0,100.6,8.0,46.67
soybean,26.1,700.3,53.5,6.5,19.7,5.2,8.09
rice,27.3,900.0,64.9,5.9,101.4,7.4,17.9
soybean,30.1,712.2,57.9,6.1,32.9,4.0,5.93
barley,18.9,432.8,59.0,7.7,109.7,4.6,9.87
tomato,29.1,619.5,78.8,6.1,44.3,3.1,86.58
tomato,22.2,701.4,71.5,6.3,9.0,3.4,82.84
barley,19.1,403.3,62.6,6.4,5.8,5.1,9.83
rice,26.3,1358.1,70.6,5.7,61.0,3.6,7.72
soybean,23.2,889.1,56.4,6.6,117.0,0.5,1.04
corn,25.4,778.8,60.1,6.6,53.6,6.2,40.57
wheat,18.4,436.9,71.0,6.8,65.7,7.8,15.51
tomato,23.7,449.5,63.1,6.6,6.9,1.7,40.19
wheat,21.9,284.2,58.7,7.5,111.3,5.7,7.8
tomato,26.4,597.0,91.0,5.1,118.0,5.4,165.33
wheat,19.2,575.9,66.9,6.0,10.1,28.2,52.09
tomato,20.1,634.8,76.1,6.3,36.7,4.5,154.78
potato,17.2,771.4,67.0,6.5,32.8,0.8,11.07
soybean,24.3,843.2,51.6,6.2,193.3,1.0,1.8
corn,15.8,617.4,68.0,6.5,43.4,7.5,25.11
rice,31.8,1258.0,70.0,6.6,19.6,6.3,12.59
tomato,19.5,542.1,56.0,6.1,133.6,6.3,261.01
barley,19.2,357.0,74.4,6.9,3.4,0.5,0.61
soybean,22.5,675.5,70.6,7.4,37.0,0.5,0.91
potato,16.5,762.7,60.4,6.0,236.3,2.3,32.76
soybean,26.3,733.6,74.9,7.0,7.7,2.9,4.85
barley,13.7,383.1,64.4,7.2,67.4,13.2,20.21
rice,29.3,1108.2,54.8,7.2,87.9,1.3,4.27
soybean,26.7,785.4,78.4,5.9,73.2,1.0,1.38
rice,24.2,1182.2,58.1,6.4,141.8,15.0,49.55
tomato,22.6,499.5,57.9,8.0,244.9,4.7,127.64
tomato,17.5,406.5,59.5,7.6,10.6,9.7,164.55
wheat,19.5,557.5,59.4,5.5,32.4,1.0,1.7
tomato,29.2,641.0,63.3,6.1,115.2,6.1,217.91
wheat,19.2,554.2,61.6,6.5,0.6,1.4,2.47
rice,26.6,1166.9,65.3,7.0,18.1,1.6,3.15
soybean,25.2,789.1,72.6,6.3,27.6,4.1,5.81
rice,26.5,1086.7,87.7,6.3,2.1,5.1,8.1
wheat,19.3,636.0,63.1,7.2,59.5,3.2,6.63
rice,27.1,1215.2,73.5,6.0,75.0,6.1,18.3
soybean,29.3,833.9,65.2,7.8,179.6,13.8,22.03
potato,20.5,516.1,61.3,8.3,69.1,1.5,19.49
corn,33.2,844.8,57.2,5.6,53.4,19.2,82.43
barley,23.4,259.2,55.6,7.1,14.7,17.9,18.6
wheat,20.2,491.1,50.2,6.9,90.0,5.0,10.65
potato,16.8,788.9,67.4,5.8,7.9,7.0,65.76
tomato,23.7,512.9,84.5,6.4,46.4,0.7,16.34
barley,21.5,554.2,60.2,6.5,50.7,12.9,20.53
potato,13.0,614.1,66.5,5.4,51.9,3.4,48.91
barley,12.2,364.7,68.1,6.3,143.6,4.0,8.54
potato,24.0,418.8,55.5,4.0,58.5,0.8,5.45
wheat,9.7,416.7,66.3,7.4,93.6,3.2,4.17
tomato,15.9,436.6,67.5,6.2,12.8,0.5,10.47
tomato,18.1,568.2,65.2,6.2,91.1,0.5,21.87
soybean,22.9,613.8,71.3,6.6,15.1,1.8,2.19
rice,29.5,1183.9,73.7,7.6,104.3,3.3,10.62
tomato,22.1,618.3,55.1,6.6,77.9,1.9,75.93
wheat,15.8,602.8,55.4,5.9,166.4,10.1,21.35
wheat,29.0,440.3,70.7,6.6,32.1,9.8,12.83
corn,27.4,792.5,62.6,6.0,43.5,0.5,2.69
rice,29.6,1156.5,53.4,7.1,179.9,1.0,3.1
soybean,20.5,837.9,77.2,6.5,40.6,1.9,2.41
potato,18.3,720.4,72.2,7.2,54.9,0.5,5.89
soybean,24.4,584.4,45.7,5.1,207.8,8.8,11.48
soybean,22.2,720.7,73.0,6.8,68.8,2.2,4.42
potato,11.9,531.3,71.0,6.4,44.6,4.0,63.69
potato,16.0,537.0,57.7,5.3,54.1,10.3,138.63
potato,12.3,722.2,62.5,6.4,12.7,12.4,135.17
rice,23.3,978.2,67.0,6.9,45.6,3.3,7.37
rice,28.0,1149.3,50.8,6.6,26.8,7.2,14.68
soybean,22.7,634.8,77.6,6.7,169.7,10.9,20.15
tomato,20.3,731.3,59.0,4.9,34.0,2.1,42.3
tomato,22.6,600.7,74.2,6.6,54.4,1.0,33.52
soybean,27.0,622.1,57.1,8.0,34.0,0.5,0.64
soybean,25.0,712.9,75.0,7.0,4.2,6.8,11.3
wheat,14.3,313.7,50.6,7.2,278.5,4.7,7.71
corn,19.2,729.0,57.9,7.9,13.4,7.9,35.87
barley,14.3,350.9,43.8,7.3,13.7,5.1,5.36
corn,26.4,552.2,74.7,6.9,31.3,9.1,36.13
rice,23.6,1021.0,77.4,7.2,39.4,2.8,5.59
rice,27.1,1317.1,69.3,5.9,90.4,3.2,10.7
wheat,22.5,463.9,52.9,5.7,25.1,0.8,1.25
tomato,22.9,937.7,71.8,6.2,44.1,2.2,28.07
tomato,21.7,537.4,75.7,6.8,91.8,1.2,42.99
potato,16.8,598.2,58.5,5.5,94.9,7.3,129.54
corn,26.0,688.0,66.4,7.6,12.2,0.5,2.17
corn,31.5,631.4,68.8,8.5,28.3,0.5,1.65
wheat,17.1,505.2,72.7,7.3,170.8,5.1,13.01
wheat,19.6,308.7,71.2,8.1,54.5,4.8,5.21
corn,24.3,691.8,66.4,7.2,244.8,0.5,3.31
potato,11.5,521.6,66.3,5.8,52.2,0.6,8.37
barley,20.7,311.0,53.3,7.4,54.6,1.2,1.99
tomato,16.0,467.6,83.1,7.8,110.9,3.6,78.91
soybean,23.0,700.8,66.3,4.7,29.7,1.4,2.14
rice,26.6,1362.2,72.2,6.3,185.0,18.8,53.5
tomato,25.6,574.2,85.1,6.1,20.4,10.5,222.33
potato,18.8,728.4,49.9,6.1,157.1,6.0,118.3
rice,30.9,1218.9,58.4,5.5,205.5,2.7,7.41
tomato,23.1,655.9,66.1,7.4,111.5,0.8,24.21
barley,11.6,294.3,60.3,6.3,9.3,4.3,5.16
barley,18.4,424.5,65.9,7.5,18.7,3.7,6.54
soybean,25.5,829.5,53.4,6.9,215.2,6.3,12.57
barley,20.0,270.9,64.4,7.3,232.2,1.2,1.92
corn,25.9,902.2,61.9,8.5,16.0,3.9,14.29
rice,30.3,1304.8,74.9,7.2,57.5,6.2,17.29
rice,25.2,1363.4,54.8,6.0,16.0,0.5,0.96
tomato,27.3,546.1,71.0,6.6,72.9,0.5,14.58
wheat,18.4,322.1,59.7,5.9,128.2,1.4,2.78
potato,18.9,543.0,63.2,6.4,36.8,8.9,156.02
rice,25.3,848.9,69.5,5.8,0.9,1.4,1.89
potato,15.0,572.1,62.6,6.7,105.1,3.7,79.49
soybean,25.4,573.4,68.1,6.8,52.6,7.6,12.44
barley,15.4,352.4,69.8,6.0,20.8,3.7,6.81
barley,12.6,369.7,68.9,5.1,102.6,1.9,3.5
barley,14.1,434.0,54.1,6.9,111.1,2.1,4.71
soybean,24.2,598.2,56.2,5.8,237.0,1.3,2.42
wheat,26.3,497.5,73.8,5.5,131.3,0.9,2.05
rice,19.2,1370.4,65.0,7.3,7.1,1.2,2.08
barley,6.8,430.5,79.7,5.8,89.1,1.1,1.24
barley,21.2,374.1,67.1,7.3,5.5,14.3,19.08
tomato,20.5,618.7,59.9,5.8,62.0,7.5,231.89
corn,18.1,877.9,73.4,7.3,96.4,1.1,6.33
barley,14.6,431.1,56.0,6.3,135.7,5.3,10.43
soybean,24.4,709.8,76.8,6.2,36.1,1.5,2.33
potato,11.0,730.6,77.9,6.2,59.2,4.0,51.54
tomato,25.6,600.1,58.3,7.7,126.2,1.6,55.3
corn,26.3,743.6,93.9,6.9,42.4,3.1,14.16
rice,25.7,748.8,69.3,6.6,70.4,1.6,3.03
rice,25.4,1365.8,61.7,7.4,261.6,0.5,1.52
potato,11.0,634.1,90.1,6.2,26.8,8.6,93.63
potato,14.8,545.2,73.6,6.9,52.6,3.8,55.09
rice,22.2,1123.2,57.4,8.6,124.8,5.3,13.47
potato,14.5,550.5,70.9,6.7,13.3,1.0,14.58
wheat,18.8,746.4,63.9,7.3,72.3,2.0,2.26
barley,7.7,354.3,59.0,7.0,23.7,0.5,0.65
soybean,17.3,705.9,63.1,5.5,30.9,2.1,3.29
corn,22.6,957.8,52.2,5.9,63.3,1.0,5.98
rice,27.0,1250.4,45.3,4.7,177.6,0.9,2.18
rice,25.9,1286.2,51.0,5.1,13.8,12.8,22.54
potato,19.2,777.8,71.4,7.3,35.3,1.8,18.28
barley,18.8,316.2,72.8,6.0,5.8,5.8,7.36
tomato,18.4,662.1,63.0,5.7,66.4,3.8,125.67
barley,19.6,644.1,67.4,5.3,12.1,10.2,5.73
potato,16.1,651.1,67.0,6.9,97.1,0.5,9.2
barley,18.8,367.6,56.0,6.4,98.2,3.4,7.56
soybean,23.4,716.8,70.7,6.7,119.4,4.3,10.18
barley,15.8,371.5,64.4,7.0,29.8,3.4,5.4
wheat,22.0,610.8,70.7,7.0,14.6,6.3,9.48
tomato,19.5,507.5,53.1,7.0,6.8,1.8,41.57
soybean,18.0,672.1,72.3,6.4,60.6,2.6,4.53
wheat,16.7,570.5,68.2,4.2,38.4,2.9,4.34
corn,24.1,1107.7,58.1,6.4,50.9,1.9,8.02
barley,17.4,402.2,67.5,6.4,30.7,2.6,5.04
rice,28.2,1450.3,78.8,8.0,167.4,13.2,22.66
soybean,30.4,652.6,59.7,5.5,80.5,0.5,0.93
wheat,22.1,501.9,74.3,7.3,108.5,14.9,37.32
soybean,21.2,576.7,68.5,7.0,14.1,6.7,8.96
tomato,25.6,569.7,68.5,6.4,15.8,5.4,131.78
tomato,24.4,380.6,64.8,5.4,5.4,4.9,78.74
rice,29.5,1353.5,66.4,6.8,225.6,4.0,12.37
soybean,24.3,637.5,55.3,6.9,67.3,2.4,4.03
corn,26.3,702.7,73.8,5.4,74.8,0.8,4.6
wheat,15.0,529.0,51.9,7.2,28.7,3.6,6.96
barley,24.0,274.8,68.7,6.7,197.7,7.5,10.51
barley,16.7,358.9,73.3,7.1,26.9,2.8,4.15
rice,28.6,1226.5,49.0,5.0,97.0,14.3,37.0
rice,23.0,1401.6,52.1,6.7,2.5,3.1,6.32
corn,34.9,876.0,65.0,6.2,71.0,2.1,9.26
potato,19.1,384.4,61.3,7.3,64.6,6.3,68.56
soybean,24.6,807.4,75.8,6.1,40.8,0.5,0.73
corn,31.5,1051.6,60.4,6.7,18.3,13.5,53.31
potato,21.8,620.3,72.3,7.4,22.6,10.1,113.17
barley,17.7,445.2,71.8,5.8,270.0,0.5,0.84
rice,28.4,1089.9,66.3,6.1,20.5,11.8,22.61
rice,27.6,982.5,63.8,5.6,45.4,1.1,2.54
rice,30.6,1465.8,55.2,5.7,232.0,22.0,60.17
tomato,21.6,569.1,63.6,6.6,105.1,5.5,229.64
tomato,23.4,584.7,79.2,8.0,21.1,0.5,10.56
tomato,23.0,642.8,59.3,7.2,205.8,2.1,69.59
barley,10.7,451.0,67.8,6.3,41.3,2.5,3.72
barley,13.5,397.5,79.3,6.4,147.9,4.5,9.34
soybean,26.7,514.6,61.4,6.7,9.4,12.8,16.36
tomato,26.5,660.6,57.6,5.2,12.0,1.2,27.74
potato,16.7,529.2,60.9,6.0,16.9,10.7,152.01
rice,29.2,1504.9,60.6,7.8,26.5,3.3,6.18
rice,29.0,977.0,76.8,5.6,48.2,10.7,20.9
potato,16.4,831.2,74.6,6.0,8.4,8.7,63.61
corn,26.3,770.8,71.7,6.7,97.4,1.5,13.06
potato,22.5,549.4,66.7,5.9,71.2,5.8,80.66
barley,9.6,413.8,65.5,7.6,56.7,3.4,5.1
rice,30.1,1142.1,73.4,8.2,97.8,2.7,6.25
barley,17.3,275.6,53.8,6.7,65.1,1.9,2.56
tomato,19.8,496.9,71.7,7.9,16.1,4.7,84.9
tomato,23.1,741.2,63.0,5.7,24.4,0.5,12.33
rice,28.3,986.9,48.2,6.4,225.5,1.7,5.57
rice,26.9,1262.7,67.8,6.4,53.8,0.6,2.01
wheat,18.4,534.1,72.4,6.9,146.9,10.7,22.69
wheat,23.6,124.0,63.1,7.0,40.5,1.0,0.6
soybean,22.1,791.1,69.5,7.7,9.4,9.1,10.91
tomato,20.1,717.9,58.5,5.5,82.9,4.0,107.23
wheat,24.9,518.7,62.7,4.3,44.1,3.6,4.88
corn,33.6,880.6,63.7,7.5,114.5,3.7,19.65
barley,13.4,278.1,59.7,6.3,132.2,1.5,3.21
corn,18.7,856.6,66.2,6.6,58.8,6.4,36.72
potato,16.7,641.1,55.3,6.7,133.3,0.6,13.08
potato,16.9,588.3,65.7,7.9,22.4,2.0,25.79
soybean,28.5,691.3,66.9,7.6,113.8,1.5,3.11
rice,27.0,1116.5,53.5,7.8,144.9,15.0,41.7
corn,31.0,884.5,66.7,6.7,142.2,8.0,57.06
corn,20.8,558.2,54.3,7.3,136.8,0.5,2.72
potato,20.9,386.1,63.0,7.1,193.3,6.3,79.19
corn,27.2,920.2,71.1,6.9,10.5,8.6,41.4
potato,17.0,550.9,62.2,5.6,1.3,8.4,82.53
rice,28.1,720.4,58.7,6.4,14.8,3.0,4.65
tomato,25.5,662.3,71.5,7.3,143.2,5.8,160.82
soybean,18.2,485.8,46.4,7.4,6.7,10.9,9.95
soybean,20.9,693.7,71.5,6.6,31.9,5.3,9.01
wheat,17.8,417.0,64.4,6.4,281.0,4.0,9.6
rice,35.2,1488.7,50.5,5.9,84.5,0.7,1.73
barley,18.4,621.5,62.5,5.0,17.1,6.8,5.21
rice,26.2,1122.3,39.1,6.4,96.0,11.7,32.43
barley,21.4,507.8,74.1,5.7,46.1,1.8,2.03
corn,32.7,735.9,71.8,6.6,161.8,2.0,11.83
corn,25.2,565.0,69.1,8.1,23.8,0.5,1.46
tomato,22.1,660.6,62.3,6.8,3.5,0.9,19.67
soybean,21.8,907.0,69.9,7.2,163.7,10.2,17.54
barley,13.3,455.1,76.4,6.3,88.7,6.6,10.63
potato,18.0,542.0,60.1,6.0,58.0,4.2,74.51
barley,14.9,388.2,56.4,7.2,16.7,8.2,13.6
tomato,22.2,702.8,69.0,6.1,76.6,2.9,86.44
tomato,20.3,696.6,68.8,7.7,10.2,3.8,84.82
soybean,21.9,695.7,58.9,6.1,174.0,1.6,3.52
wheat,19.7,470.7,60.5,6.9,40.6,5.6,10.42
tomato,19.9,590.8,58.5,7.1,49.4,3.3,124.04
corn,26.2,680.6,82.5,7.3,121.1,3.2,20.31
soybean,23.2,593.6,69.4,7.1,172.3,4.8,9.17
rice,22.2,1091.7,67.8,7.4,58.4,6.8,16.34
soybean,27.8,556.2,60.7,6.2,7.8,3.3,4.78
potato,14.5,540.1,73.8,5.8,37.0,1.0,11.86
soybean,21.3,756.5,56.2,6.7,31.9,0.5,0.86
soybean,27.5,702.8,55.2,6.0,63.5,3.0,6.41
wheat,16.7,578.3,68.8,7.3,45.1,2.6,4.31
wheat,19.7,584.3,58.1,6.2,0.3,3.8,6.05
barley,14.5,376.4,64.5,6.9,41.7,0.5,0.99
potato,15.9,674.0,63.3,6.8,85.0,0.5,9.62
corn,21.3,808.8,74.2,6.3,210.1,8.6,62.17
rice,26.8,1297.4,58.4,6.7,145.0,1.0,3.41
rice,25.9,1404.4,70.9,6.6,88.1,0.5,1.13
tomato,16.4,549.2,43.7,6.5,113.2,3.9,142.01
barley,22.2,455.0,72.8,6.0,82.3,3.1,5.2
rice,25.7,1388.8,65.5,6.6,41.3,2.6,7.44
barley,18.7,318.0,83.5,7.3,213.4,2.8,4.15
rice,30.5,1173.2,57.9,6.4,202.5,6.4,19.29
potato,15.7,604.2,69.5,7.7,78.6,0.5,8.81
soybean,18.2,508.2,61.2,7.1,118.5,2.0,3.73
corn,19.1,866.3,66.8,6.4,108.6,5.4,32.39
wheat,17.6,482.9,55.3,5.6,151.6,2.9,8.5
rice,27.9,1196.5,55.4,7.2,137.2,27.1,95.26
corn,21.0,977.9,62.3,6.2,138.7,0.8,5.84
tomato,23.7,577.3,60.7,8.1,76.0,1.6,46.15
corn,23.3,727.5,71.0,5.8,70.8,3.0,18.15
rice,27.7,939.1,63.0,6.6,1.2,0.7,1.27
soybean,17.7,629.5,71.3,6.7,122.1,9.1,14.6
rice,32.4,918.2,49.7,6.7,33.7,4.8,9.58
wheat,22.3,446.1,62.0,6.3,76.3,9.1,21.55
corn,24.2,809.5,61.5,8.5,8.9,1.6,6.78
rice,30.9,1454.0,62.5,6.7,137.5,0.5,1.62
soybean,18.3,759.9,66.3,7.0,29.8,3.0,4.12
soybean,25.6,559.8,76.4,6.2,115.1,0.5,0.93
tomato,22.7,632.1,55.2,7.2,77.7,3.7,127.96
potato,20.4,800.4,64.0,6.3,6.3,0.5,4.36
rice,27.1,1058.5,58.6,4.7,50.3,1.5,2.91
barley,19.1,347.8,56.5,6.5,76.7,0.5,1.15
wheat,24.8,519.3,80.2,6.8,30.2,4.1,8.24
tomato,18.1,667.5,81.2,6.2,47.3,0.5,13.33
wheat,17.9,399.7,77.2,7.7,73.6,5.6,8.66
potato,18.4,411.7,49.8,6.5,23.7,11.1,121.22
wheat,8.8,484.2,53.8,5.6,27.3,3.2,3.84
soybean,16.8,793.0,79.9,5.6,30.1,5.8,7.05
potato,17.6,771.0,71.7,6.2,8.7,0.7,6.76
potato,16.6,635.2,79.6,6.5,13.0,5.4,60.82
wheat,14.9,416.4,68.3,6.7,248.1,3.4,6.26
rice,29.7,1330.2,63.8,5.6,119.3,2.1,6.06
barley,18.6,422.6,62.0,5.4,147.1,0.5,1.03
soybean,24.4,771.6,74.6,7.7,1.2,6.9,7.42
rice,26.8,915.0,62.9,6.3,254.6,1.5,4.55
rice,26.2,1276.2,78.0,5.1,106.9,0.5,1.29
wheat,13.3,252.8,72.8,6.3,286.2,0.8,0.91
corn,29.9,967.1,83.3,6.8,219.5,5.5,28.18
barley,16.9,396.5,54.5,5.3,37.7,19.4,29.42
barley,14.4,460.4,67.1,6.1,0.5,3.5,4.54
barley,17.6,357.2,79.5,6.3,50.5,4.2,7.32
barley,23.7,385.9,49.7,5.1,15.1,7.2,8.55
tomato,19.8,698.3,57.2,5.9,11.8,4.0,109.63
corn,29.0,860.6,61.6,6.9,41.0,2.8,19.37
potato,15.7,576.1,67.7,6.7,19.9,0.5,6.65
tomato,24.1,724.1,65.2,5.1,58.1,6.0,153.03
rice,32.7,1249.3,69.0,6.9,1.3,1.0,1.84
tomato,26.5,582.4,49.7,6.3,41.3,2.3,69.67
soybean,24.2,552.7,61.8,7.6,50.5,21.5,35.62
potato,12.9,553.6,44.3,6.3,197.7,8.8,159.41
tomato,20.5,548.2,60.4,6.6,30.1,0.8,29.71
tomato,24.7,632.0,72.5,7.7,28.1,2.7,72.59
soybean,30.5,813.6,74.3,6.8,53.3,0.7,1.1
tomato,18.2,696.9,50.8,7.6,27.8,7.1,158.52
potato,19.4,486.5,62.7,7.2,120.8,6.5,115.05
potato,15.0,660.0,85.1,4.9,56.1,0.9,9.39
corn,25.2,721.9,56.7,6.3,129.5,12.3,105.82
corn,27.7,829.6,58.7,6.8,88.0,1.3,12.08
corn,18.6,1036.6,57.4,6.4,2.6,5.9,24.6
barley,9.8,363.3,86.3,5.0,10.8,2.4,2.41
corn,29.3,834.1,56.1,5.7,192.1,5.2,37.52
barley,13.9,471.4,84.6,6.0,8.1,0.5,0.64
potato,17.4,681.4,64.3,7.9,2.3,0.5,5.92
barley,13.9,259.2,60.5,6.1,94.6,12.4,17.5
soybean,22.4,483.9,61.1,7.1,0.6,3.9,3.68
barley,24.2,343.7,63.2,7.3,61.3,13.4,21.34
tomato,18.3,540.3,66.1,7.5,27.9,7.2,163.17
soybean,22.1,630.2,63.3,5.7,174.9,1.5,3.22
corn,23.1,878.6,55.6,8.0,106.0,3.6,18.57
wheat,17.2,535.8,59.0,6.2,39.6,1.7,3.48
rice,28.9,1364.7,74.5,6.9,48.8,2.0,4.31
potato,20.2,460.4,56.3,6.4,198.1,7.5,124.5
rice,25.9,1274.2,76.1,6.5,106.1,0.6,1.98
wheat,12.9,563.7,58.3,5.6,79.2,0.9,1.83
rice,23.0,1212.2,60.5,6.0,63.0,3.6,11.88
potato,17.2,592.4,69.5,6.9,103.8,7.9,179.19
soybean,28.8,621.2,54.2,6.8,43.6,4.8,6.77
barley,14.5,312.5,68.6,6.2,70.7,4.7,7.61
soybean,28.2,550.8,61.9,6.5,52.5,5.7,9.19
tomato,21.9,578.9,76.1,7.4,45.0,5.9,167.85
potato,17.1,656.3,63.9,6.4,89.7,2.9,63.11
wheat,16.0,242.2,73.4,7.1,13.8,4.5,4.46
soybean,23.3,503.5,72.5,6.6,260.4,2.8,4.2
corn,33.9,597.9,58.1,5.7,154.2,34.6,151.33
barley,16.2,331.6,62.3,5.7,37.4,2.7,3.95
barley,12.2,422.7,66.5,6.5,49.1,3.7,7.19
barley,16.9,386.6,53.4,6.6,172.4,0.5,1.26
potato,15.6,459.2,65.8,7.3,32.5,1.2,13.75
corn,31.1,941.7,69.1,6.1,153.4,2.6,15.89
soybean,25.3,551.7,77.4,7.3,171.0,2.3,4.42
barley,13.8,281.9,74.3,6.5,161.2,7.9,10.99
wheat,14.9,391.7,67.3,8.2,14.7,19.2,20.53
rice,27.2,1144.9,74.8,5.5,17.5,9.9,17.08
corn,25.0,904.0,65.5,7.4,99.5,12.5,90.9
potato,11.3,503.5,74.0,4.3,80.0,8.1,90.76
tomato,21.4,522.6,66.0,5.8,77.8,0.5,13.69
soybean,25.2,768.6,71.3,7.3,18.5,0.6,0.82
soybean,27.6,839.4,63.2,5.3,43.7,6.1,8.6
wheat,18.8,575.6,60.8,5.3,104.9,4.9,11.24
potato,12.2,739.6,73.4,6.8,4.3,1.7,14.64
tomato,22.1,464.8,71.9,6.3,231.9,0.5,14.42
rice,27.9,1450.9,66.6,8.6,76.5,7.8,13.28
barley,19.1,297.3,78.4,7.1,16.0,16.0,19.77
potato,18.2,634.6,64.4,7.3,245.1,5.6,99.81
rice,26.8,893.1,70.1,6.2,9.6,5.7,9.72
tomato,16.9,642.7,84.9,8.1,140.7,2.8,65.54
barley,17.8,416.8,68.8,6.2,13.0,5.4,7.18
potato,19.1,609.9,59.8,6.0,127.4,1.7,41.25
barley,21.0,342.0,62.8,5.9,56.5,1.6,3.03
rice,28.2,1325.5,65.6,7.4,84.8,9.1,26.12
barley,13.5,358.2,73.8,6.1,35.5,0.5,0.84
tomato,26.3,547.2,53.7,6.1,18.3,1.8,37.03
potato,15.1,731.9,77.1,6.7,1.5,8.1,78.45
potato,15.9,798.2,49.6,4.9,62.5,15.9,152.57
corn,27.8,839.4,42.3,6.5,15.0,10.1,53.15
soybean,23.3,578.1,70.4,5.4,84.9,26.5,48.79
potato,20.3,547.0,62.7,5.2,51.2,2.1,28.48
barley,18.7,406.9,65.4,7.7,114.8,1.5,3.72
barley,15.7,258.6,87.4,4.7,24.5,5.1,3.45
tomato,25.2,621.4,50.8,6.6,190.8,0.5,22.56
corn,29.0,881.2,65.6,6.1,68.0,10.1,54.64
soybean,28.8,701.7,60.8,7.3,6.0,4.2,6.66
barley,18.8,338.3,78.0,5.8,29.3,3.5,4.78
tomato,22.7,670.9,62.9,6.7,154.7,5.6,217.95
barley,16.2,397.9,56.7,6.0,225.9,7.2,16.11
barley,16.1,374.7,50.1,5.9,67.6,1.4,3.01
soybean,22.2,849.1,62.4,7.3,89.7,2.0,3.77
wheat,20.2,322.6,75.5,6.3,181.5,9.0,14.26
rice,26.9,1323.0,81.4,6.4,31.7,0.9,2.07
tomato,19.0,715.3,84.0,6.8,43.8,9.6,189.0
potato,18.8,663.5,73.7,6.5,110.1,2.9,53.66
corn,25.6,650.8,56.4,7.5,7.8,3.6,14.68
soybean,18.1,606.8,56.3,5.8,49.9,0.5,0.78
soybean,22.4,474.1,69.9,5.6,55.5,0.5,0.64
soybean,18.4,807.8,76.4,7.3,210.2,2.1,2.87
rice,28.0,1069.5,54.8,5.5,259.4,1.0,2.69
wheat,12.1,477.1,70.0,6.0,4.6,8.3,10.53
barley,10.7,549.5,51.1,6.6,45.1,3.5,3.76
corn,27.2,858.2,56.9,7.1,71.6,1.3,7.94
rice,23.4,947.3,50.3,5.7,77.6,0.9,2.02
soybean,25.6,819.5,88.7,6.7,155.6,1.3,2.51
wheat,25.2,565.6,60.2,7.8,47.2,1.8,2.8
corn,27.1,989.6,73.4,5.5,64.5,13.9,51.27
barley,18.8,296.9,58.8,6.5,0.6,22.1,25.73
tomato,26.3,832.2,50.6,7.3,180.7,2.2,52.31
barley,16.9,370.3,64.2,7.2,6.5,16.1,24.84
tomato,23.5,699.3,55.7,7.3,38.8,7.4,171.49
barley,15.0,468.5,57.8,6.2,218.8,1.7,2.7
wheat,21.8,481.8,40.6,7.3,40.1,6.5,11.03
soybean,24.7,735.3,68.7,6.3,39.2,4.3,7.19
tomato,23.3,689.2,67.2,6.3,143.1,0.5,16.52
barley,20.9,271.2,56.2,7.4,34.1,1.2,1.3
rice,27.8,963.7,63.0,5.3,32.5,3.2,6.46
soybean,25.0,675.6,51.8,6.7,126.2,0.5,1.09
potato,17.6,796.4,68.4,6.2,155.1,0.9,11.23
barley,21.8,262.8,71.8,6.5,110.1,6.6,10.97
rice,26.2,1233.1,69.3,5.9,165.9,0.5,1.7
corn,16.7,575.5,61.3,5.0,23.2,2.3,7.24
rice,29.3,1355.0,68.2,6.0,225.9,11.5,33.43
rice,29.6,783.1,59.4,7.0,129.9,2.6,6.72
barley,15.2,392.6,60.8,7.7,30.4,3.3,5.7
tomato,17.6,562.0,71.1,6.5,152.0,0.8,38.35
corn,33.9,670.5,67.0,7.2,44.0,7.4,30.99
potato,15.7,452.2,42.1,5.6,64.8,1.4,15.04
wheat,17.8,551.5,68.3,5.3,29.6,10.8,18.81
soybean,18.5,616.8,67.7,7.4,165.5,7.8,15.23
barley,24.4,500.4,77.5,6.9,47.8,4.7,6.28
soybean,21.2,736.9,60.2,4.1,38.4,1.0,1.06
corn,18.9,1099.1,67.2,5.2,0.1,4.1,9.87
wheat,28.6,675.6,57.3,7.7,30.7,9.6,9.46
barley,15.9,376.2,84.4,6.4,26.8,11.3,18.96
soybean,23.0,640.4,65.5,6.9,37.4,11.0,14.89
corn,22.6,759.8,66.2,5.0,26.8,2.5,11.5
soybean,19.1,338.8,63.4,7.4,36.1,26.2,18.35
tomato,29.7,590.0,67.1,6.1,233.5,6.2,198.99
wheat,27.5,338.3,56.9,7.2,176.8,19.4,34.71
corn,25.0,861.3,60.0,6.4,19.0,4.1,22.62
corn,23.6,954.4,65.4,5.5,43.1,1.2,6.15
wheat,25.6,372.0,53.8,5.8,192.2,8.8,17.74
potato,18.3,506.5,67.5,7.7,91.2,13.9,177.31
barley,23.6,493.0,74.0,5.7,21.4,1.1,1.1
tomato,22.0,507.8,70.4,7.0,222.1,0.8,21.04
rice,25.4,1040.5,56.6,5.5,9.1,6.0,10.4
rice,25.6,1005.7,56.0,7.1,7.1,6.8,11.69
corn,26.4,658.0,58.6,5.9,109.5,19.0,141.18
potato,17.9,609.6,60.4,7.2,28.8,2.8,41.99
potato,17.7,573.1,68.3,5.5,23.5,1.5,23.55
tomato,21.5,564.4,75.9,6.9,19.0,0.5,12.97
rice,25.6,1196.4,64.6,6.1,40.7,0.7,2.34
corn,18.2,779.1,77.6,6.0,57.4,1.6,8.77
tomato,18.9,579.1,60.9,8.0,60.6,0.8,23.64
rice,24.8,1544.9,49.9,6.2,26.6,3.6,5.91
barley,11.3,335.5,54.5,5.6,172.9,6.4,12.51
rice,29.8,1342.6,46.7,8.2,60.0,1.3,2.6
barley,9.4,418.0,68.5,6.6,53.2,3.1,4.83
soybean,25.2,608.9,69.6,6.1,1.4,2.9,3.65
soybean,22.0,797.6,65.9,7.1,95.4,4.5,8.32
corn,22.3,1069.6,66.7,6.1,59.1,3.6,18.95
corn,23.0,880.6,74.4,6.7,51.3,6.9,41.06
soybean,27.2,664.7,57.6,7.1,43.0,16.7,32.87
tomato,16.7,712.9,65.5,6.7,16.2,5.7,125.6
rice,32.5,1059.1,72.7,6.4,84.4,6.8,19.44
soybean,21.0,712.9,42.3,7.5,294.3,4.4,6.71
wheat,22.6,381.8,76.4,7.4,2.2,11.5,15.41
rice,25.6,1079.3,70.7,5.2,0.7,1.1,2.01
rice,25.4,1155.0,66.8,7.5,93.9,5.7,18.25
soybean,31.4,548.8,68.8,7.3,44.2,12.4,13.92
rice,25.9,1014.5,65.1,7.2,25.1,4.6,10.2
rice,29.9,1365.3,57.6,5.8,231.0,0.5,1.31
rice,28.9,1132.2,56.3,5.5,19.5,4.4,10.71
wheat,14.9,731.4,57.0,4.3,6.5,1.1,0.57
wheat,25.9,540.9,58.0,5.2,59.4,0.7,1.26
potato,17.6,628.7,56.7,7.5,24.7,2.0,30.22
wheat,14.4,545.0,64.7,7.5,138.3,2.6,6.18
barley,20.1,475.1,66.2,5.8,47.2,1.4,2.04
soybean,22.0,573.0,77.2,7.9,10.3,2.0,1.68
tomato,22.8,684.3,55.6,5.7,15.7,0.5,12.2
wheat,21.8,492.5,75.9,7.3,66.2,18.4,42.36
potato,17.9,710.2,60.6,6.1,103.3,0.5,8.19
rice,30.2,1085.5,52.7,6.8,62.5,1.7,4.0
soybean,18.6,544.0,63.7,7.3,11.5,19.4,15.29
tomato,19.9,634.2,52.2,7.2,2.3,2.7,55.67
rice,20.6,1140.2,56.2,6.1,13.3,10.9,20.63
barley,19.3,547.2,76.4,4.0,80.9,5.4,4.48
wheat,18.3,457.8,62.3,5.9,146.9,8.9,27.46
barley,21.0,370.1,72.9,4.9,45.4,3.1,3.8
wheat,27.4,182.5,61.8,6.1,82.8,4.8,4.39
wheat,21.9,667.7,75.0,6.4,116.4,8.4,17.42
barley,22.4,349.8,49.7,5.6,66.6,5.0,8.12
corn,34.5,783.7,64.7,6.7,58.4,3.7,22.16
rice,36.6,1425.6,75.4,7.1,72.1,1.9,2.9
potato,16.7,618.1,51.9,6.5,131.3,11.0,239.25
corn,30.7,780.4,56.1,5.7,57.6,2.8,16.85
corn,24.7,974.4,69.2,6.9,198.1,1.8,10.48
tomato,19.6,609.4,74.2,5.8,14.5,9.0,239.6
soybean,22.8,774.5,37.7,6.5,15.1,2.2,2.79
corn,22.1,1049.8,67.6,5.9,239.5,0.5,2.21
wheat,17.6,696.2,60.5,6.7,157.2,7.5,15.94
potato,14.7,537.0,51.8,6.6,95.2,7.4,116.61
soybean,25.7,582.4,86.4,6.2,12.6,1.0,1.08
barley,15.1,420.6,77.9,7.9,1.6,5.9,6.8
corn,25.3,770.4,67.2,6.5,174.4,2.6,18.36
tomato,19.3,803.3,69.9,6.2,175.4,8.3,258.98
potato,17.7,603.5,57.8,4.8,31.4,1.0,12.5
tomato,18.6,647.4,73.3,7.1,7.7,0.5,12.2
wheat,22.1,344.3,61.1,6.5,3.3,8.8,13.26
rice,35.2,1186.0,57.0,6.8,114.3,3.7,13.07
potato,15.0,572.3,62.7,7.7,54.2,1.0,16.3
soybean,31.9,732.0,62.2,6.8,82.9,2.3,4.38
potato,18.9,657.9,62.9,6.5,114.7,0.6,12.36
barley,14.3,393.7,59.8,6.1,3.3,4.7,7.8
barley,14.5,535.2,59.4,6.8,75.3,2.9,4.62
soybean,21.3,741.2,65.9,8.1,8.4,2.4,2.94
soybean,18.6,691.2,43.8,6.4,48.6,2.1,3.42
corn,25.6,732.0,82.2,5.5,31.2,2.8,13.21
tomato,21.5,723.8,62.6,6.3,56.0,5.1,154.81
barley,17.2,305.3,60.0,6.8,117.6,17.4,35.85
rice,29.1,1403.2,72.3,7.4,4.1,3.9,7.8
soybean,24.6,599.9,58.1,6.6,1.1,2.7,3.43
corn,22.2,846.7,58.0,6.0,35.1,1.3,8.22
soybean,18.5,865.1,59.3,4.9,48.0,6.9,7.29
soybean,24.1,622.9,64.7,6.1,173.2,2.2,4.87
wheat,22.4,465.4,68.7,6.4,156.7,1.2,3.31
corn,28.0,794.4,79.2,6.2,227.7,10.5,69.93
potato,12.6,863.1,69.8,8.0,101.4,2.9,25.19
wheat,19.9,428.6,59.6,6.8,75.6,1.4,3.18
soybean,27.3,545.1,73.9,7.5,32.7,3.7,4.22
barley,23.3,558.9,51.9,7.3,10.8,7.2,5.96
potato,21.3,643.2,68.0,5.7,45.4,0.8,11.93
tomato,18.6,607.0,64.0,5.3,3.5,3.1,82.3
wheat,18.4,490.5,59.4,6.7,214.2,10.4,34.37
corn,31.3,791.4,60.2,6.0,7.5,1.6,8.13
tomato,23.3,624.5,88.0,5.9,147.3,5.7,212.58
barley,15.5,304.7,73.0,5.1,91.0,0.8,0.89
potato,15.2,468.1,75.9,7.0,68.4,1.9,22.08
barley,15.7,334.8,81.5,5.9,81.4,3.8,6.64
potato,19.3,535.9,76.1,6.7,138.2,4.0,78.53
tomato,21.0,519.4,67.9,6.9,2.4,0.5,8.73
barley,28.2,434.4,70.1,6.8,11.8,3.9,3.5
corn,23.3,859.2,62.2,6.8,78.8,0.5,4.06
wheat,21.2,507.2,75.8,6.7,14.7,2.1,3.92
barley,22.3,452.6,75.9,6.2,131.6,4.9,9.14
tomato,19.0,656.4,53.4,8.4,196.5,3.5,111.12
potato,15.2,452.6,77.3,7.0,60.9,4.9,58.7
wheat,21.0,614.4,49.2,6.3,23.1,12.4,18.47
soybean,20.7,756.3,65.9,5.7,64.9,0.6,0.98
wheat,22.0,463.3,65.3,6.2,177.3,4.5,13.63
soybean,23.6,721.8,68.1,7.4,42.2,3.4,5.28
barley,20.9,407.6,80.6,7.7,2.0,4.2,5.44
wheat,20.3,448.0,68.0,6.4,56.7,4.0,9.11
corn,25.4,849.7,55.2,6.3,39.0,14.3,86.74
corn,30.0,787.8,72.8,7.6,89.6,1.2,6.0
barley,21.1,383.2,58.5,6.0,76.8,7.6,14.2
wheat,21.5,584.3,59.6,6.4,55.7,1.4,2.55
soybean,16.5,461.4,44.2,6.7,0.1,1.8,1.37
barley,11.9,218.5,38.3,6.2,214.5,3.0,3.41
soybean,22.8,856.9,59.3,7.9,43.3,7.1,8.56
tomato,19.0,475.1,58.5,7.6,123.6,2.3,74.96
soybean,25.8,536.8,66.6,6.2,97.2,2.2,3.92
soybean,27.9,940.2,65.4,7.4,26.8,4.3,4.44
soybean,28.4,808.8,66.0,6.3,42.8,0.7,0.89
soybean,22.6,641.4,61.8,6.3,138.3,2.7,6.59
rice,26.5,1306.4,54.7,8.5,43.6,11.0,19.52
corn,24.4,701.5,56.1,5.9,52.6,11.3,64.96
potato,17.2,524.4,54.3,6.3,14.0,0.5,6.99
rice,25.3,1278.4,46.9,6.8,9.7,14.3,24.61
tomato,23.9,747.4,55.7,6.3,121.4,2.3,79.67
corn,25.0,637.6,45.7,7.1,5.9,14.4,57.68
corn,27.3,610.3,58.0,8.4,43.4,2.7,10.46
potato,18.2,550.0,74.4,5.1,100.6,11.0,170.72
potato,20.4,622.6,49.0,7.0,74.8,0.9,14.22
rice,26.7,1259.2,73.3,6.2,12.6,2.0,4.82
potato,21.0,535.8,79.2,6.3,117.2,5.5,82.0
potato,18.4,607.0,65.1,6.0,127.3,2.5,55.56
tomato,27.0,599.8,56.8,6.6,16.4,1.2,38.01
wheat,13.6,485.5,64.2,6.9,188.3,6.0,17.23
soybean,24.4,586.5,53.7,5.8,83.0,1.3,2.24
corn,28.9,984.8,69.4,6.0,162.5,2.7,11.94
rice,31.2,980.1,60.7,6.6,50.6,5.4,13.19
barley,24.2,394.5,65.5,6.4,109.0,0.8,2.03
corn,30.4,522.6,70.4,6.1,112.0,6.0,22.01
tomato,21.4,566.9,65.8,6.5,3.5,2.1,61.81
wheat,26.5,398.2,41.9,6.0,10.2,1.4,1.81
rice,24.9,1326.5,52.6,4.7,71.9,3.4,6.43
barley,25.6,453.3,64.7,6.1,4.8,1.0,1.42
corn,25.9,637.9,65.8,8.6,47.2,0.5,1.65
wheat,22.3,450.3,72.1,6.7,4.7,4.5,7.19
barley,18.3,240.6,57.0,7.0,241.1,1.2,1.46
wheat,15.0,415.2,55.6,5.8,136.9,6.2,16.65
wheat,17.2,598.5,72.9,7.1,247.0,1.2,2.42
barley,6.9,368.4,50.6,4.9,275.1,5.7,7.3
rice,25.3,1185.9,54.3,6.0,162.7,2.4,9.53
corn,20.8,959.9,65.2,6.5,31.7,1.7,7.68
wheat,20.2,552.2,58.8,6.3,89.6,2.8,7.43
soybean,27.1,812.7,46.2,7.0,138.6,7.7,14.44
soybean,27.8,724.4,50.9,6.8,45.5,1.1,2.27
corn,26.8,638.1,54.8,6.6,217.7,1.7,10.63
potato,18.9,712.6,66.2,6.3,41.7,10.0,133.26
potato,18.2,592.3,69.9,6.5,17.5,11.8,174.97
tomato,21.1,645.1,53.2,6.4,8.7,3.1,90.25
rice,32.2,1118.2,67.5,6.9,44.0,0.5,1.11
corn,23.0,588.6,65.8,7.1,205.7,7.6,47.62
corn,25.5,905.4,65.0,5.6,84.8,9.1,54.31
wheat,21.7,543.1,53.3,6.4,0.0,4.7,8.25
tomato,21.7,617.3,70.6,7.5,13.4,2.2,50.49
rice,25.4,1535.8,41.6,7.2,177.1,6.3,14.93
wheat,25.1,366.9,73.7,6.3,150.1,1.4,2.67
soybean,24.7,535.5,80.9,6.5,20.7,2.4,2.94
wheat,20.7,378.4,56.6,5.0,32.7,2.0,2.48
potato,17.6,675.9,57.1,7.6,109.7,0.5,8.94
tomato,22.1,562.1,52.3,5.8,32.7,5.1,113.36
wheat,18.4,419.3,64.4,5.9,25.5,0.5,1.01
potato,14.6,812.1,67.3,6.0,11.9,5.6,49.75
barley,19.6,386.6,72.0,7.1,4.0,0.7,1.03
potato,19.7,505.6,71.6,6.0,12.8,3.2,33.18
soybean,27.6,713.3,61.7,6.9,141.7,1.1,2.91
wheat,21.8,521.7,71.5,7.8,186.3,8.8,22.87
wheat,14.4,445.4,73.5,5.0,129.6,3.8,6.62
potato,15.9,573.9,79.6,6.5,84.6,1.3,26.06
corn,24.0,626.6,53.9,6.8,171.6,1.8,13.64
corn,23.1,781.4,55.0,6.3,34.4,7.8,43.54
tomato,28.3,610.6,72.1,6.0,159.9,1.7,60.49
wheat,13.6,370.8,70.8,6.5,183.2,3.2,6.73
potato,22.1,500.3,87.8,6.2,29.8,2.9,22.95
rice,36.3,1145.7,58.3,6.0,20.7,12.6,28.3
tomato,24.3,731.2,49.2,5.9,84.6,3.7,106.53
wheat,20.8,464.5,71.0,6.5,16.2,4.7,9.4
wheat,14.9,446.4,54.9,7.2,62.2,6.1,12.54
tomato,15.5,723.1,77.2,6.2,41.9,0.5,10.81
corn,25.6,940.9,67.2,7.6,21.1,4.1,14.6
corn,22.1,666.8,68.1,6.7,103.1,3.1,19.5
rice,21.3,1137.9,66.5,6.6,20.8,2.5,5.6
tomato,26.7,894.5,67.5,6.0,193.8,0.5,10.08
barley,16.9,465.2,65.9,7.1,53.7,5.5,10.7
wheat,24.6,637.5,64.6,7.6,29.3,0.5,0.71
barley,15.9,251.2,62.3,7.1,18.1,1.8,2.11
rice,26.2,1325.9,56.1,5.9,57.9,1.9,4.97
tomato,18.4,700.6,66.9,6.1,68.6,3.1,88.58
wheat,20.0,435.3,68.5,6.3,40.7,5.0,7.06
barley,19.1,490.1,81.0,7.3,9.7,1.7,2.09
barley,20.4,261.0,60.0,8.2,130.4,0.6,1.01
rice,29.0,1426.0,76.6,8.2,106.5,1.6,3.9
wheat,11.1,689.5,41.2,5.5,60.6,1.6,1.61
corn,29.0,503.1,60.9,7.3,172.2,0.6,2.82
barley,12.4,395.2,60.9,7.0,80.3,0.9,2.15
barley,17.2,472.9,63.4,5.7,224.0,8.3,14.28
rice,24.0,1365.4,60.4,6.4,117.1,9.1,28.99
wheat,17.7,520.8,64.5,6.0,28.7,0.6,1.03
rice,31.2,1170.4,53.4,6.5,77.9,3.1,9.86
wheat,22.5,552.1,60.1,7.1,197.0,1.9,4.16
corn,19.2,846.5,64.8,6.8,72.8,0.9,6.04
potato,12.5,653.8,55.5,5.8,26.9,3.7,47.68
rice,30.6,1494.9,45.9,6.5,10.2,2.6,3.71
corn,17.0,785.5,55.2,6.8,2.8,5.3,29.19
barley,23.3,338.0,58.0,6.4,116.7,0.5,1.32
tomato,21.5,588.4,59.5,6.1,38.7,3.2,95.81
rice,24.0,1049.9,57.3,7.5,44.7,2.6,5.97
tomato,22.7,751.2,63.5,6.1,8.0,0.5,10.83
wheat,27.3,371.5,67.5,6.6,13.3,21.3,27.01
potato,23.1,644.7,47.1,6.9,76.5,4.0,53.92
barley,18.3,389.9,62.5,7.0,8.6,1.3,2.34
soybean,24.4,735.3,58.5,6.0,83.1,2.9,5.23
tomato,20.1,713.0,70.4,6.2,63.6,1.7,49.04
soybean,25.7,632.4,52.8,6.5,25.9,4.2,6.1
potato,15.4,507.8,80.8,7.0,33.8,5.5,65.34
tomato,23.5,631.7,66.6,6.8,7.0,1.6,48.37
potato,21.4,649.0,60.8,6.2,158.9,3.4,73.94
corn,19.6,934.4,66.5,7.1,178.0,4.3,25.7
soybean,33.2,600.5,52.3,5.7,3.4,0.5,0.49
soybean,16.9,761.3,54.8,5.9,152.3,3.1,5.21
barley,19.9,385.2,53.4,4.9,127.6,0.5,0.95
potato,17.0,476.4,63.5,6.1,43.4,5.7,84.82
wheat,23.5,528.9,60.1,7.5,27.2,1.7,3.13
rice,21.5,1234.2,43.2,7.4,70.9,1.6,3.67
rice,30.1,1264.9,53.8,5.9,24.6,1.3,2.81
wheat,18.9,364.7,71.7,6.1,33.2,4.4,6.76
barley,11.9,352.5,77.5,6.7,120.6,11.0,21.34
soybean,23.8,696.3,64.3,5.6,11.6,1.5,2.18
rice,24.7,1113.0,70.3,6.2,45.8,1.6,3.58
rice,28.8,887.5,67.8,6.4,118.3,14.8,50.89
tomato,20.7,529.4,67.2,6.8,44.4,1.1,30.03
potato,22.7,610.9,63.9,7.4,144.1,1.0,18.75
soybean,20.1,752.2,80.9,5.7,100.6,3.7,5.84
corn,25.1,680.4,67.7,5.8,67.2,11.1,63.7
tomato,27.3,585.1,49.8,6.5,38.2,0.5,14.01
potato,13.4,700.2,42.0,5.6,21.5,8.9,85.97
potato,17.3,792.9,64.0,6.4,132.4,3.5,50.65
potato,14.0,645.4,56.5,5.8,257.6,0.5,9.41
wheat,19.2,344.6,55.8,5.6,106.6,0.5,0.97
tomato,26.5,638.2,66.6,7.8,78.4,7.1,216.76
soybean,26.5,831.8,60.2,7.4,269.2,2.9,4.55
wheat,18.1,521.5,64.0,6.4,67.9,16.7,40.98
potato,14.7,685.9,63.2,5.8,12.4,11.1,126.45
soybean,26.6,759.2,75.4,6.7,83.0,14.6,29.51
potato,12.3,693.7,62.4,6.5,39.6,3.2,47.49
tomato,20.8,612.9,61.5,6.5,120.6,2.0,109.02
corn,24.3,942.5,75.6,5.9,85.3,3.1,17.58
barley,12.9,319.7,71.3,6.1,91.0,1.3,2.36
barley,8.5,530.5,88.5,5.8,13.9,5.3,3.93
wheat,19.5,355.3,84.4,5.7,231.6,0.6,0.81
corn,23.9,796.3,70.4,6.6,95.6,2.2,16.58
potato,14.6,646.9,59.1,6.4,45.3,7.5,150.65
rice,28.5,1479.9,54.4,5.8,19.6,8.7,18.45
barley,20.6,387.4,51.8,6.8,25.0,0.7,1.23
rice,31.5,1472.4,59.1,6.6,215.0,4.9,13.88
soybean,24.8,559.6,66.3,7.3,163.6,1.6,2.29
potato,13.2,623.2,50.4,7.0,21.0,2.5,37.17
potato,23.8,321.7,64.1,7.4,11.2,6.3,34.39
potato,17.3,621.0,77.1,8.0,15.8,2.8,30.83
rice,27.6,1133.0,68.1,7.3,64.8,0.6,1.38
rice,30.6,1263.7,66.8,6.1,122.9,20.1,62.14
corn,22.9,765.8,66.0,5.7,8.2,1.3,5.27
wheat,15.2,384.8,56.7,7.4,80.3,5.8,12.03
rice,33.0,1551.4,72.7,5.6,106.1,13.1,22.96
soybean,27.7,595.1,65.5,5.8,172.3,4.0,8.09
barley,15.1,433.2,70.8,7.1,117.7,1.3,3.14
wheat,15.2,403.1,82.9,5.4,33.2,5.0,7.51
corn,23.2,761.4,58.9,8.0,127.4,9.9,64.58
potato,19.6,466.4,76.3,6.5,1.0,15.0,141.94
rice,28.7,1232.7,58.0,6.0,0.5,6.1,15.54
barley,20.9,417.5,56.4,7.0,115.9,2.3,5.53
potato,12.0,515.3,64.8,6.8,110.9,1.0,17.53
wheat,19.1,501.9,70.8,5.1,148.4,2.2,5.96
wheat,19.6,469.7,74.4,6.3,40.0,1.0,2.14
soybean,23.4,692.3,52.9,7.0,6.1,4.6,6.86
potato,17.2,489.2,68.8,7.8,22.5,2.2,24.89
rice,33.3,1387.5,49.7,6.2,52.7,3.1,6.1
soybean,23.3,799.1,80.3,5.8,0.8,2.1,2.41
corn,23.0,692.1,58.7,7.3,31.1,5.3,26.51
rice,23.2,1471.9,86.9,6.6,250.4,7.2,17.2
tomato,20.3,514.0,56.8,6.6,92.0,1.6,68.21
corn,31.0,819.3,78.7,6.1,144.8,3.0,21.86
rice,35.2,1418.1,75.4,5.7,40.2,1.5,2.91
rice,26.9,1359.6,52.7,6.3,34.0,8.6,23.43
barley,11.8,338.9,69.9,6.7,25.3,0.7,0.99
corn,27.6,668.2,52.2,6.4,104.6,1.4,10.08
potato,11.3,538.0,70.0,7.2,53.0,13.1,173.76
barley,10.1,308.5,67.8,6.6,57.1,21.7,29.91
tomato,18.6,656.3,66.0,7.6,15.8,3.4,86.9
rice,32.2,1172.7,57.8,6.4,188.8,3.9,14.19
potato,13.9,585.4,64.4,6.4,25.7,2.6,40.45
potato,18.7,715.5,70.0,6.7,1.4,18.2,219.41
rice,31.6,1286.4,64.5,6.1,113.7,3.9,13.63
soybean,32.7,711.3,76.9,6.7,9.7,0.7,0.66
rice,31.6,920.7,78.4,6.6,79.0,0.5,1.22
corn,29.2,621.2,63.3,6.8,3.4,2.5,10.35
soybean,20.0,634.1,67.8,6.9,8.9,20.0,29.13
wheat,21.8,325.7,66.8,6.9,8.1,3.1,3.41
corn,18.3,573.7,70.5,7.4,45.9,5.3,21.91
rice,31.9,1071.8,57.9,5.4,79.7,1.2,2.91
barley,18.4,285.9,68.6,4.8,21.1,0.5,0.41
soybean,27.3,910.0,71.4,5.6,121.0,1.5,2.38
corn,24.8,938.7,62.0,8.7,105.7,4.2,19.21
wheat,18.2,487.1,64.6,6.4,124.4,0.8,2.6
barley,22.2,360.4,51.7,7.3,149.3,3.4,7.37
barley,18.0,353.8,59.9,6.9,226.5,4.2,9.14
corn,33.0,1016.8,70.2,5.8,48.2,3.6,13.7
corn,30.5,1151.4,69.5,7.5,50.5,5.7,16.04
corn,28.2,1011.5,83.9,5.5,33.4,0.5,1.78
corn,24.2,771.2,57.4,7.5,104.6,2.3,16.76
wheat,16.1,614.8,59.1,6.9,122.1,5.5,12.9
potato,23.0,498.4,54.8,6.4,57.8,1.2,14.14
corn,25.4,850.5,82.0,6.4,31.8,3.4,17.06
potato,17.8,766.8,57.0,6.2,21.2,4.9,60.72
barley,21.1,447.1,66.7,7.7,69.0,0.5,0.9
tomato,18.0,535.0,59.4,6.0,126.1,2.8,116.12
soybean,23.0,626.6,72.4,7.6,53.8,0.8,1.14
soybean,23.3,912.2,72.9,7.5,46.3,2.2,2.27
soybean,28.5,794.4,57.1,7.4,180.0,5.2,9.75
rice,29.4,1182.2,48.2,5.5,97.3,1.0,2.49
potato,14.3,729.4,49.3,6.1,278.5,6.1,85.65
potato,17.3,691.8,73.8,6.9,125.4,10.7,186.66
wheat,21.9,520.2,52.3,6.5,142.7,7.1,22.97
barley,17.2,402.7,60.3,6.4,59.0,8.5,19.94
barley,12.2,424.4,66.3,5.9,10.4,7.4,10.33
tomato,28.6,720.2,65.7,6.2,145.9,6.4,206.44
soybean,19.9,623.9,55.1,5.9,117.2,0.8,1.55
potato,19.0,604.4,61.1,5.1,94.8,8.9,170.53
corn,24.1,734.3,47.5,5.6,45.2,2.4,11.02
wheat,27.3,508.1,65.7,6.0,5.8,1.6,2.91
barley,24.1,435.0,55.6,5.7,85.0,10.3,19.04
tomato,22.5,576.0,65.1,6.9,86.7,0.5,20.79
wheat,24.2,536.1,60.6,5.6,70.6,1.7,4.13
soybean,23.7,715.8,68.6,6.5,47.9,2.0,3.66
corn,27.6,953.2,70.1,5.9,103.9,2.8,16.3
corn,24.5,651.7,60.3,7.3,51.9,2.4,11.29
wheat,16.7,413.3,65.4,7.4,104.5,0.5,1.07
wheat,11.0,559.1,78.4,6.8,263.4,4.9,9.47
rice,28.7,1065.9,52.6,6.4,18.1,11.0,25.68
tomato,24.3,467.0,86.7,5.9,96.5,1.3,28.91
barley,17.3,534.2,74.3,6.0,95.4,13.9,21.67
soybean,19.9,439.3,64.3,7.2,17.5,0.9,0.81
rice,26.6,1357.1,70.8,6.2,273.2,0.5,1.69
soybean,18.0,743.5,66.2,5.6,66.0,3.9,5.82
potato,16.6,697.6,44.6,5.7,216.0,6.3,82.66
potato,17.8,627.4,59.6,5.8,28.3,3.2,51.09
barley,15.0,374.7,77.7,6.8,75.5,1.0,2.12
potato,17.5,693.4,60.7,7.5,8.9,0.8,8.45
corn,26.6,928.5,53.3,6.1,114.2,1.2,7.32
wheat,22.3,505.4,73.6,6.7,7.7,1.1,1.89
potato,15.6,626.1,78.2,7.0,110.2,9.5,174.84
rice,29.1,1273.0,56.5,7.6,137.7,3.9,11.56
potato,11.6,522.4,67.8,6.6,121.3,7.9,159.76
potato,21.0,610.4,48.1,6.0,60.7,8.1,156.26
corn,23.1,766.4,64.2,6.7,80.1,2.2,16.3
barley,14.6,576.8,62.5,5.9,0.5,3.4,3.23
corn,14.8,685.7,63.1,6.8,25.8,1.3,3.94
soybean,25.9,635.3,54.8,7.4,32.1,4.1,5.87
potato,20.1,462.0,71.3,7.9,129.3,6.4,89.76
corn,28.7,784.8,60.5,5.9,29.0,0.5,2.34
corn,28.2,995.1,70.1,7.3,76.4,6.0,27.54
tomato,21.6,527.3,54.7,6.8,15.1,4.2,123.7
tomato,20.1,449.4,60.8,5.1,114.7,8.9,236.82
rice,29.8,996.8,63.2,6.8,17.5,1.6,3.19
soybean,15.8,688.0,62.8,6.0,41.5,1.7,2.45
barley,18.4,388.4,81.7,6.9,43.4,2.4,4.07
potato,14.2,692.1,67.9,5.7,37.9,0.7,8.96
tomato,22.7,549.4,55.3,6.3,158.5,4.8,188.99
wheat,19.7,544.2,61.0,6.7,6.4,14.9,24.99
tomato,19.3,605.6,83.2,7.6,104.4,7.2,241.3
tomato,25.5,635.2,59.0,7.5,23.3,0.8,27.87
potato,17.1,445.2,71.1,6.9,269.4,1.0,11.45
tomato,27.7,774.8,65.5,6.0,79.9,2.4,56.52
tomato,20.2,738.8,58.7,7.6,183.2,1.0,29.92
barley,10.8,491.2,67.9,5.1,6.7,2.2,2.33
barley,15.9,427.7,59.4,5.5,35.8,2.5,3.88
potato,20.2,364.1,51.2,6.8,28.3,4.8,43.81
rice,29.4,1136.7,85.5,7.4,166.4,8.5,25.21
rice,29.7,671.1,56.1,7.0,28.0,0.5,0.83
potato,18.9,437.1,78.8,6.9,56.4,3.6,40.52
barley,25.1,436.0,57.0,5.8,117.7,10.0,21.32
tomato,16.9,636.7,58.0,7.2,105.7,4.7,189.5
soybean,28.4,781.2,54.7,5.1,46.1,4.2,6.37
potato,17.8,564.9,74.1,7.5,13.5,1.6,15.06
corn,21.3,939.8,84.7,6.5,17.0,7.9,31.47
barley,15.2,293.2,69.3,7.3,33.5,0.6,0.76
barley,15.4,475.7,73.2,6.5,34.5,7.4,9.56
barley,15.8,443.0,55.8,7.5,70.0,0.5,0.8
rice,30.1,1423.4,64.1,5.0,9.4,3.2,4.73
rice,24.3,1408.6,43.9,6.2,47.4,21.0,40.19
potato,14.2,636.9,56.0,7.4,56.2,0.7,10.6
corn,25.9,736.9,65.9,6.5,41.7,4.7,26.12
potato,16.9,659.6,74.8,6.9,52.2,3.3,52.33
barley,15.2,223.3,51.6,4.5,127.2,3.9,4.54
wheat,19.5,556.3,63.4,6.0,12.6,1.3,2.19
rice,30.1,1131.4,53.8,6.6,18.1,1.9,3.76
potato,19.8,690.6,67.1,5.9,161.9,1.8,31.89
barley,23.3,375.7,62.9,5.9,7.2,0.8,1.22
wheat,18.1,452.1,89.4,6.8,6.4,4.7,6.56
potato,19.6,850.6,56.2,6.5,8.6,11.6,87.13
barley,21.0,435.4,66.7,6.7,215.8,3.3,8.39
barley,17.2,407.0,77.5,5.7,125.6,1.1,2.33
wheat,20.3,429.2,41.5,6.7,120.8,4.1,7.9
corn,24.9,667.4,58.5,6.6,18.5,2.0,11.86
tomato,18.7,748.4,58.2,6.4,35.1,0.8,21.8
potato,17.3,637.3,74.7,8.2,7.4,6.5,73.44
wheat,24.2,558.9,75.0,6.6,10.7,0.5,0.77
rice,28.4,1151.5,41.9,6.5,8.9,6.6,12.61
barley,14.5,448.4,60.8,8.6,146.9,0.5,0.85
barley,15.2,488.7,56.7,6.8,56.6,0.5,0.78
tomato,21.5,603.9,67.4,5.4,106.1,3.4,144.38
rice,25.4,1483.4,81.2,4.9,240.8,0.6,1.03
rice,26.8,1379.1,54.5,6.5,47.1,0.9,2.4
soybean,11.2,668.6,58.3,8.2,49.0,0.5,0.44
rice,24.1,1269.6,51.3,6.1,35.9,0.8,1.74
wheat,20.8,460.1,54.6,5.9,67.1,9.0,21.96
potato,14.3,583.5,57.9,6.3,158.3,3.9,86.86
wheat,25.9,796.2,61.7,6.5,99.4,6.2,7.55
barley,14.1,480.9,67.5,6.4,259.0,3.2,5.04
soybean,21.3,743.2,69.2,6.6,13.6,9.6,16.1
rice,30.2,1238.8,67.4,6.6,50.0,0.8,2.44
rice,27.2,1025.2,60.7,7.6,287.1,6.7,17.4
potato,18.2,346.2,53.4,7.3,170.1,1.5,15.98
